ObservedAgentID;CounterpartyID;EnterpriseNationalIDflag;ENI;ENINEV;LEI;LEINEV;RACI;BCI;NPNI;CountryNPNI;HeadOfficeUndertakingID;HeadOfficeUndertakingIDNEV;ImmediateParentUndertakingID;ImmediateParentUndertakingIDNEV;UltimateParentUndertakingID;UltimateParentundertakingIDNEV;TypeofEntity;Enterprise;Name;Lastname;Firstname;FirstnameNEV;Birthdate;Street;Streetnumber;City;NUTS;Postalcode;PostalcodeNEV;Country;Legalform;InstitutionalSector;EconomicActivity;StatusOfLegalProceedings;DateOfInitiationOfLegalProceedings;DateOfInitiationOfLegalProceedingsNEV;EnterpriseSize;DateOfEnterpriseSize;DateOfEnterpriseSizeNEV;NumberOfEmployees;NumberOfEmployeesNEV;BalanceSheetTotal;BalanceSheetTotalNEV;AnnualTurnover;AnnualTurnoverNEV;AccountingStandard;ENINAFlag;NatPersonNINApFlag
444555999;444555999;;444555999;;;;;;;;;;;;;;LE;Y;EIGENHEIMKREDITGESELLSCHAFT;SA SCHS;4960;;;Rue des Arsilliers 26;;MALMEDY;;4960;;BE;;;;;;;;;;;;;;;;;0;0
444555999;220-00-03460-04_1;;;;;;79102799917;;79102799917;BE;;;;;;;NLE;N;;SWUGTNDJO;Ciqkuf H W;;1979-10-27;Rku Usgx Ppexx Bxgdhbco 32;;HERSTAL;;4040;;BE;;;;;;;;;;;;;;;;;0;0
444555999;220-00-03475-19_1;;;;;;70092599975;;70092599975;BE;;;;;;;NLE;N;;DJJRJPPM;Cthhuwqxe X;;1970-09-25;Rlq Kpsoxvhj Bcigog 07;;HERSTAL;;4040;;BE;;;;;;;;;;;;;;;;;0;0
444555999;220-00-03500-44_1;;;;;;62070299901;;62070299901;BE;;;;;;;NLE;N;;SUDOXPRMJ;Iheplt B L;;1962-07-02;Büthbfqlh Xojdßw;119;AMEL-MIRFELD;;4770;;BE;;;;;;;;;;;;;;;;;0;0
444555999;220-00-03505-49_1;;;;;;64052099971;;64052099971;BE;;;;;;;NLE;N;;CUDEKXO;Psywbvho S-s;;1964-05-20;Rlo Ge Le Aopphnfchd 56;;WELKENRAEDT;;4840;;BE;;;;;;;;;;;;;;;;;0;0
444555999;220-00-03505-49_2;;;;;;68070399997;;68070399997;BE;;;;;;;NLE;N;;SBOSENN;Rwlb Prungdoth;;1968-07-03;Rlo Ge Le Aopphnfchd 56;;WELKENRAEDT;;4840;;BE;;;;;;;;;;;;;;;;;0;0
444555999;220-00-03508-52_1;;;;;;70100899910;;70100899910;BE;;;;;;;NLE;N;;PAVE;Mrhro P L X;;1970-10-08;Hwhgpeupmsubg 7;;RAEREN;;4730;;BE;;;;;;;;;;;;;;;;;0;0
444555999;220-00-03522-66_1;;;;;;65072499983;;65072499983;BE;;;;;;;NLE;N;;VGPEHV;Pqfrq F F;;1965-07-24;Ligyghqwfsgs 42/o;;MALMEDY;;4960;;BE;;;;;;;;;;;;;;;;;0;0
444555999;220-00-03522-66_2;;;;;;RACI_71040399942;;;BE;;;;;;;NLE;N;;KKQDHOH;Smhml I P;;1971-04-03;Ligyghqwfsgs 42/o;;MALMEDY;;4960;;;;;;;;;;;;;;;;;;;0;1
444555999;220-00-03527-71_1;;;;;;69021599914;;69021599914;BE;;;;;;;NLE;N;;RALQBETJ;Mmwyni Lalu A O;;1969-02-15;Hytnpdlle 35;;VIELSALM;;6690;;BE;;;;;;;;;;;;;;;;;0;0
444555999;220-00-03527-71_2;;;;;;73051299915;;73051299915;BE;;;;;;;NLE;N;;VJPHUGP;Ratysy J A Q;;1973-05-12;Hytnpdlle 35;;VIELSALM;;6690;;BE;;;;;;;;;;;;;;;;;0;0
444555999;220-00-03528-72_1;;;;;;1,23E+12;;1,23E+12;BE;;;;;;;NLE;N;;DIIGORNAT;Odujtmv M V U;;1974-05-18;Rppbe Bc Cnwmdu 13;;MALMEDY;;75008;;FR;;;;;;;;;;;;;;;;;0;0
444555999;220-00-03528-72_2;;;;;;1,33E+12;;1,33E+12;BE;;;;;;;NLE;N;;DVWIOY;Locopvus A O P;;1976-01-10;Rppbe Bc Cnwmdu 13;;MALMEDY;;75008;;FR;;;;;;;;;;;;;;;;;0;0
444555999;220-00-03532-76_1;;;;;;2,33E+12;;2,33E+12;BE;;;;;;;NLE;N;;CEPPAHFVYE;Clsspa V E C;;1972-11-07;Rby Myisl 84;;MALMEDY;;75008;;FR;;;;;;;;;;;;;;;;;0;0
444555999;220-00-03539-83_1;;;;;;2,23E+12;;2,23E+12;BE;;;;;;;NLE;N;;GLXAK;Moqyucc A X H W;;1972-07-17;Bhlgxqk Hfdyiqup 55s;;VIELSALM-PETIT THIER;;75008;;FR;;;;;;;;;;;;;;;;;0;0
444555999;220-00-03542-86_1;;;;;;2,30E+12;;2,30E+12;BE;;;;;;;NLE;N;;MTXBJII;Sioxix;;1967-07-07;Mdmrtqvlt Xnpbvdt 55;;EUPEN;;75008;;FR;;;;;;;;;;;;;;;;;0;0
444555999;220-00-03542-86_2;;;;;;3,23E+12;;3,23E+12;BE;;;;;;;NLE;N;;DOAWUCI;Aojoa;;1967-02-13;Mdmrtqvlt Xnpbvdt 55;;EUPEN;;75008;;FR;;;;;;;;;;;;;;;;;0;0
444555999;220-00-03543-87_1;;;;;;3,03E+12;;3,03E+12;BE;;;;;;;NLE;N;;HVIINIFB;Kbnq;;1963-10-13;Flaghcny 7;;EUPEN;;75008;;FR;;;;;;;;;;;;;;;;;0;0
444555999;220-00-03543-87_2;;;;;;65111299983;;65111299983;BE;;;;;;;NLE;N;;KNPTATQ;Mybtt-qjbievf;;1965-11-12;Flaghcny 7;;EUPEN;;4700;;BE;;;;;;;;;;;;;;;;;0;0
444555999;220-00-03545-89_1;;;;;;71111899929;;71111899929;BE;;;;;;;NLE;N;;JQRVLIJGB;Mmvd Cneqsr T;;1971-11-18;Ahhjum Gm Ir Gnsi 04;;TROIS-PONTS;;4980;;BE;;;;;;;;;;;;;;;;;0;0
444555999;220-00-03546-90_1;;;;;;75010699915;;75010699915;BE;;;;;;;NLE;N;;KOIFTVR;Elangvfu;;1975-01-06;Rxs Wj Iq Oepyda 02;;MALMEDY;;4960;;BE;;;;;;;;;;;;;;;;;0;0
444555999;220-00-03546-90_2;;;;;;78101299958;;78101299958;BE;;;;;;;NLE;N;;JMFPA;Sakpgy;;1978-10-12;Rxs Wj Iq Oepyda 02;;MALMEDY;;4960;;BE;;;;;;;;;;;;;;;;;0;0
444555999;220-00-03556-03_1;;;;;;73092299934;;73092299934;BE;;;;;;;NLE;N;;DQFXIVX;Fjkudp;;1973-09-22;Rnn Lqh Gljxju Fxjc 5;;MALMEDY;;4960;;BE;;;;;;;;;;;;;;;;;0;0
444555999;220-00-03564-11_1;;;;;;70020199967;;70020199967;BE;;;;;;;NLE;N;;BXXAK;Mlcbgfe;;1970-02-01;Rjw Fk Eiedljhjl 371;;ENSIVAL;;4800;;BE;;;;;;;;;;;;;;;;;0;0
444555999;220-00-03564-11_2;;;;;;64051699994;;64051699994;BE;;;;;;;NLE;N;;CESBDWH;Bsemps;;1964-05-16;Rjw Fk Eiedljhjl 371;;ENSIVAL;;4800;;BE;;;;;;;;;;;;;;;;;0;0
444555999;220-00-03565-12_1;;;;;;70110999984;;70110999984;BE;;;;;;;NLE;N;;PKLQ;Lcqgyyo W W S;;1970-11-09;Rru Ppekd 75;;PEPINSTER;;4860;;BE;;;;;;;;;;;;;;;;;0;0
444555999;220-00-03565-12_2;;;;;;74110499927;;74110499927;BE;;;;;;;NLE;N;;LRGXXP;Dxggjxjks G N R;;1974-11-04;Rru Ppekd 75;;PEPINSTER;;4860;;BE;;;;;;;;;;;;;;;;;0;0
444555999;220-00-03573-20_1;;;;;;61122799941;;61122799941;BE;;;;;;;NLE;N;;DNVPJYJ;Numbjws;;1961-12-27;Pfy Ho Ihgt 00;;THEUX;;4910;;BE;;;;;;;;;;;;;;;;;0;0
444555999;220-00-03573-20_2;;;;;;69022299995;;69022299995;BE;;;;;;;NLE;N;;RQUQLCV;Invproyx G K R;;1969-02-22;Pfy Ho Ihgt 00;;THEUX;;4910;;BE;;;;;;;;;;;;;;;;;0;0
444555999;220-00-03579-26_1;;;;;;81090299926;;81090299926;BE;;;;;;;NLE;N;;BRRP;Stwqkxpm R T U;;1981-09-02;Rlrbw St Servjqfgrc 01;;HOMBOURG;;4852;;BE;;;;;;;;;;;;;;;;;0;0
444555999;220-00-03579-26_2;;;;;;55092899958;;55092899958;BE;;;;;;;NLE;N;;BLCN;Tdos Yfthxrtb;;1955-09-28;Rlrbw St Servjqfgrc 01;;HOMBOURG;;4852;;BE;;;;;;;;;;;;;;;;;0;0
444555999;220-00-03582-29_1;;;;;;68010499925;;68010499925;BE;;;;;;;NLE;N;;LLOOTC;Cktrntqnd;;1968-01-04;Rth Sinpmwlep 754;;WELKENRAEDT;;4840;;BE;;;;;;;;;;;;;;;;;0;0
444555999;220-00-03582-29_2;;;;;;70042999917;;70042999917;BE;;;;;;;NLE;N;;KLBDBTS (GXREGXN);Ajgdhn;;1970-04-29;Rth Sinpmwlep 754;;WELKENRAEDT;;4840;;BE;;;;;;;;;;;;;;;;;0;0
444555999;220-00-03591-38_1;;;;;;55121299974;;55121299974;BE;;;;;;;NLE;N;;HADPADVT;Jnqscr Rewdak;;1955-12-12;Sajuqig Fjswhfj 81;;LONTZEN;;4710;;BE;;;;;;;;;;;;;;;;;0;0
444555999;220-00-03591-38_2;;;;;;59090599956;;59090599956;BE;;;;;;;NLE;N;;UBIPRWF;Rpxvfx;;1959-09-05;Sajuqig Fjswhfj 81;;LONTZEN;;4710;;BE;;;;;;;;;;;;;;;;;0;0
444555999;220-00-03592-39_1;;;;;;60082099908;;60082099908;BE;;;;;;;NLE;N;;GMVENQPJK;Mhrlb-wtkajx D;;1960-08-20;Rgw Fmilo Mcot 6/3;;DISON;;4820;;BE;;;;;;;;;;;;;;;;;0;0
444555999;220-00-03595-42_1;;;;;;68100899965;;68100899965;BE;;;;;;;NLE;N;;MOYIH;Ckhhhuppw;;1968-10-08;Foxjyh 21;;BAELEN;;4837;;BE;;;;;;;;;;;;;;;;;0;0
444555999;220-00-03597-44_1;;;;;;72061899915;;72061899915;BE;;;;;;;NLE;N;;DRGVY;Vptwnpw X W L;;1972-06-18;Rvt Htjtjs Gu Yqia 67;;ANDRIMONT;;4821;;BE;;;;;;;;;;;;;;;;;0;0
444555999;220-00-03597-44_2;;;;;;74070999943;;74070999943;BE;;;;;;;NLE;N;;TUMIQWE;Cqwbsrronb D I;;1974-07-09;Rvt Htjtjs Gu Yqia 67;;ANDRIMONT;;4821;;BE;;;;;;;;;;;;;;;;;0;0
444555999;220-00-03603-50_1;;;;;;62122299918;;62122299918;BE;;;;;;;NLE;N;;RNBJEF;Majd Ehxy A;;1962-12-22;Rtb Ran Mybwwjb 6;;PLOMBIERES;;4850;;BE;;;;;;;;;;;;;;;;;0;0
444555999;220-00-03603-50_2;;;;;;63081999904;;63081999904;BE;;;;;;;NLE;N;;SPFMKBP;Covrmevh M Q;;1963-08-19;Rtb Ran Mybwwjb 6;;PLOMBIERES;;4850;;BE;;;;;;;;;;;;;;;;;0;0
444555999;220-00-03612-59_1;;;;;;65012699978;;65012699978;BE;;;;;;;NLE;N;;STUJYS;Bnnix Psdjt H L;;1965-01-26;Cjaldg Ho Eqcglcbh 01;;PLOMBIERES;;4850;;BE;;;;;;;;;;;;;;;;;0;0
444555999;220-00-03612-59_2;;;;;;64090799904;;64090799904;BE;;;;;;;NLE;N;;CSDNVFM;Csbnussja Y L;;1964-09-07;Cjaldg Ho Eqcglcbh 01;;PLOMBIERES;;4850;;BE;;;;;;;;;;;;;;;;;0;0
444555999;220-00-03614-61_1;;;;;;58020999960;;58020999960;BE;;;;;;;NLE;N;;MRGRB;Ywgrlh Raip;;1958-02-09;Slqtqrimrkeo 56;;EUPEN;;4700;;BE;;;;;;;;;;;;;;;;;0;0
444555999;220-00-03620-67_1;;;;;;67020899985;;67020899985;BE;;;;;;;NLE;N;;DTAP;Ducykaqpo E I W;;1967-02-08;Agelhl Uufrdgk Tkuhuos 6;;SPA;;4900;;BE;;;;;;;;;;;;;;;;;0;0
444555999;220-00-03631-78_1;;;;;;69060699921;;69060699921;BE;;;;;;;NLE;N;;DUSXEX;Ikau;;1969-06-06;Rsc Mmkaret Chfuk 146;;ROMSEE;;4624;;BE;;;;;;;;;;;;;;;;;0;0
444555999;220-00-03631-78_2;;;;;;73050799968;;73050799968;BE;;;;;;;NLE;N;;MEPSO;Mtgadb;;1973-05-07;Rsc Mmkaret Chfuk 146;;ROMSEE;;4624;;BE;;;;;;;;;;;;;;;;;0;0
444555999;220-00-03632-79_1;;;;;;60071899961;;60071899961;BE;;;;;;;NLE;N;;GWUHUGX;Bwjarv X Y S;;1960-07-18;Rlm Dtjo Nutftr 0;;STAVELOT;;4970;;BE;;;;;;;;;;;;;;;;;0;0
444555999;220-00-03632-79_2;;;;;;62100899936;;62100899936;BE;;;;;;;NLE;N;;DLPCTVR;Mlgmq-jwayht Ki;;1962-10-08;Rlm Dtjo Nutftr 0;;STAVELOT;;4970;;BE;;;;;;;;;;;;;;;;;0;0
444555999;220-00-03634-81_1;;;;;;70011299921;;70011299921;BE;;;;;;;NLE;N;;BHJYM;Jevw Qirpip Q N;;1970-01-12;Bnrdlhdbpvy 65;;LA CALAMINE;;4720;;BE;;;;;;;;;;;;;;;;;0;0
444555999;220-00-03635-82_1;;;;;;73012699952;;73012699952;BE;;;;;;;NLE;N;;MKNDA;Stesw;;1973-01-26;Ruc Mpgnrb 0;;LA CALAMINE;;4720;;BE;;;;;;;;;;;;;;;;;0;0
444555999;220-00-03637-84_1;;;;;;59012399942;;59012399942;BE;;;;;;;NLE;N;;BFJYMJK;Jcck-utivki V;;1959-01-23;Ran Nu Mxrtxdxnra 36;;REMICOURT;;4350;;BE;;;;;;;;;;;;;;;;;0;0
444555999;220-00-03637-84_2;;;;;;55112799905;;55112799905;BE;;;;;;;NLE;N;;GIPCSM;Mimwt-pchbwy E;;1955-11-27;Ran Nu Mxrtxdxnra 36;;REMICOURT;;4350;;BE;;;;;;;;;;;;;;;;;0;0
444555999;220-00-03641-88_1;;;;;;61021399903;;61021399903;BE;;;;;;;NLE;N;;SXKRI;Averl;;1961-02-13;Rbx Xv Dkrlaytui 80;;LA CALAMINE;;4720;;BE;;;;;;;;;;;;;;;;;0;0
444555999;220-00-03641-88_2;;;;;;64012399950;;64012399950;BE;;;;;;;NLE;N;;HBXKSWJ;Cyojyxja I M;;1964-01-23;Rbx Xv Dkrlaytui 80;;LA CALAMINE;;4720;;BE;;;;;;;;;;;;;;;;;0;0
444555999;220-00-03644-91_1;;;;;;73111099920;;73111099920;BE;;;;;;;NLE;N;;BYHEFQYPLF;Plyfsndy W F;;1973-11-10;Rlt Wwxfky Wcgyrx 65;;LIMBOURG;;4830;;BE;;;;;;;;;;;;;;;;;0;0
444555999;220-00-03649-96_1;;;;;;73032399959;;73032399959;BE;;;;;;;NLE;N;;EMPUUKB;Choqynup R W P;;1973-03-23;Chthyq Lf Vjânaoj 44;;STAVELOT;;4970;;BE;;;;;;;;;;;;;;;;;0;0
444555999;220-00-03654-04_1;;;;;;75040299959;;75040299959;BE;;;;;;;NLE;N;;JMYLH;Sqésnhkw E Ww;;1975-04-02;Rdt Uxylul 6;;SPA;;4900;;BE;;;;;;;;;;;;;;;;;0;0
444555999;220-00-03654-04_2;;;;;;76100699902;;76100699902;BE;;;;;;;NLE;N;;JUJOBWI;Ifbshbjq M T;;1976-10-06;Rtq Poysgt 7;;SPA;;4900;;BE;;;;;;;;;;;;;;;;;0;0
444555999;220-00-03655-05_1;;;;;;79060899974;;79060899974;BE;;;;;;;NLE;N;;PADNYD;Adjbkfd;;1979-06-08;Wytriv, Qoljmqgygße;28/A;AMEL;;4770;;BE;;;;;;;;;;;;;;;;;0;0
444555999;220-00-03655-05_2;;;;;;80082099940;;80082099940;BE;;;;;;;NLE;N;;RDBAJA;Mcvtsbx;;1980-08-20;Wcntar, Hlgmhshorßp;28;AMEL;;4770;;BE;;;;;;;;;;;;;;;;;0;0
444555999;220-00-03656-06_1;;;;;;69060899958;;69060899958;BE;;;;;;;NLE;N;;CMLYKMH;Mrdhno Qiug;;1969-06-08;Rpqjr Te Scrgn Odof 1;;MALMEDY;;4960;;BE;;;;;;;;;;;;;;;;;0;0
444555999;220-00-03656-06_2;;;;;;71122399980;;71122399980;BE;;;;;;;NLE;N;;SYGOOFXUE;Asmaomi;;1971-12-23;Rlgla Xe Gysku Othi 4;;MALMEDY;;4960;;BE;;;;;;;;;;;;;;;;;0;0
444555999;220-00-03662-12_1;;;;;;63122699916;;63122699916;BE;;;;;;;NLE;N;;HAGRLV;Ncgh;;1963-12-26;Pfhmpspjmkqy 4/5;;EUPEN;;4700;;BE;;;;;;;;;;;;;;;;;0;0
444555999;220-00-03684-34_1;;;;;;69092199977;;69092199977;BE;;;;;;;NLE;N;;FÖICLSQ;Hjrjx;;1969-09-21;Krxwcgatxmnkq 82;;LA CALAMINE;;4720;;BE;;;;;;;;;;;;;;;;;0;0
444555999;220-00-03684-34_2;;;;;;74061699920;;74061699920;BE;;;;;;;NLE;N;;HOUNGSVK;Miljqkn;;1974-06-16;Kvsomsvcoaqij 85;;LA CALAMINE;;4720;;BE;;;;;;;;;;;;;;;;;0;0
444555999;220-00-03690-40_1;;;;;;71100799961;;71100799961;BE;;;;;;;NLE;N;;PFKPES;Rxwetu Dwwepoa;;1971-10-07;Vslnmnt Jgfl Xu Aünivqgckr 74p;;FAYMONVILLE;;4950;;BE;;;;;;;;;;;;;;;;;0;0
444555999;220-00-03690-40_2;;;;;;72061499938;;72061499938;BE;;;;;;;NLE;N;;RLRKEX;Sthjl Kemfchl B;;1972-06-14;Vqiebuy Vqwh Mg Lüeikivuey 78h;;FAYMONVILLE;;4950;;BE;;;;;;;;;;;;;;;;;0;0
444555999;220-00-03697-47_1;;;;;;70032999910;;70032999910;BE;;;;;;;NLE;N;;SALKMXML;Kynptfp;;1970-03-29;Svödk;30;HAUSET;;4730;;BE;;;;;;;;;;;;;;;;;0;0
444555999;220-00-03697-47_2;;;;;;72022099924;;72022099924;BE;;;;;;;NLE;N;;SPJIFYGV;Ueumpx;;1972-02-20;Swöbp;30;HAUSET;;4730;;BE;;;;;;;;;;;;;;;;;0;0
444555999;220-00-03703-53_1;;;;;;64050899943;;64050899943;BE;;;;;;;NLE;N;;DDXROBW;Cesyqask;;1964-05-08;Fnovvgbuynxm;9B;FRANCORCHAMPS;;4970;;BE;;;;;;;;;;;;;;;;;0;0
444555999;220-00-03703-53_2;;;;;;75032099994;;75032099994;BE;;;;;;;NLE;N;;CMOOYUA;Vkhtrpux;;1975-03-20;Fmigajoxaumu;9B;FRANCORCHAMPS;;4970;;BE;;;;;;;;;;;;;;;;;0;0
444555999;220-00-03724-74_1;;;;;;73071299929;;73071299929;BE;;;;;;;NLE;N;;ZBNVR;Syngqv;;1973-07-12;Rrf Ffv Ddncbrh;104;HERSTAL;;4040;;BE;;;;;;;;;;;;;;;;;0;0
444555999;220-00-03724-74_2;;;;;;75052499985;;75052499985;BE;;;;;;;NLE;N;;VYC RYFTELVX;Kstug;;1975-05-24;Rpq Dfr Ucphslu;104;HERSTAL;;4040;;BE;;;;;;;;;;;;;;;;;0;0
444555999;220-00-03738-88_1;;;;;;66071699953;;66071699953;BE;;;;;;;NLE;N;;BFMJWONG;Ayeg;;1966-07-16;Rho Xaiqn;195;ST.NICOLAS;;4420;;BE;;;;;;;;;;;;;;;;;0;0
444555999;220-00-03738-88_2;;;;;;82071899938;;82071899938;BE;;;;;;;NLE;N;;ILKBIX;Fyfome;;1982-07-18;Rnd Qotkd;195;ST.NICOLAS;;4420;;BE;;;;;;;;;;;;;;;;;0;0
444555999;220-00-03740-90_1;;;;;;70122099952;;70122099952;BE;;;;;;;NLE;N;;TIQITPR;Jmhk-bxqnçtpo;;1970-12-20;Rmh Fb Sk Samebou;78;GRACE-HOLLOGNE;;4460;;BE;;;;;;;;;;;;;;;;;0;0
444555999;220-00-03740-90_2;;;;;;75112199923;;75112199923;BE;;;;;;;NLE;N;;CXUHTJA;Caaavnpf;;1975-11-21;Rko Dr Xf Knotnib;78;GRACE-HOLLOGNE;;4460;;BE;;;;;;;;;;;;;;;;;0;0
444555999;220-00-03748-01_1;;;;;;83032999989;;83032999989;BE;;;;;;;NLE;N;;TBIGCUBS;Vwdiyec;;1983-03-29;Ryr Yuyspj Xujapead;36;AMAY;;4540;;BE;;;;;;;;;;;;;;;;;0;0
444555999;220-00-03748-01_2;;;;;;87041699985;;87041699985;BE;;;;;;;NLE;N;;BXXE;Sbéqhxddu;;1987-04-16;Rxo Vqrgwp Wnvyyxje;36;AMAY;;4540;;BE;;;;;;;;;;;;;;;;;0;0
444555999;220-00-03754-07_1;;;;;;80072499910;;80072499910;BE;;;;;;;NLE;N;;PJKNHU;Fgisrwlra;;1980-07-24;Ryu Ss Ag Phkxwbbb;14;Angleur;;4031;;BE;;;;;;;;;;;;;;;;;0;0
444555999;220-00-03754-07_2;;;;;;78081199974;;78081199974;BE;;;;;;;NLE;N;;DXVXNV;Avikhp;;1978-08-11;Rqb Ap Nl Jjbamjwy;14;Angleur;;4031;;BE;;;;;;;;;;;;;;;;;0;0
444555999;220-00-03756-09_1;;;;;;75081999962;;75081999962;BE;;;;;;;NLE;N;;MDCG;Scbgsg;;1975-08-19;Ruw Nid Fwxioxd Upccbi;135;Herstal;;4040;;BE;;;;;;;;;;;;;;;;;0;0
444555999;220-00-03763-16_1;;;;;;87050999911;;87050999911;BE;;;;;;;NLE;N;;CHURCS;Bggie;;1987-05-09;Ajqém Lqp Tnxhgeopb;4;Comblain-Fairon;;4180;;BE;;;;;;;;;;;;;;;;;0;0
444555999;220-00-03763-16_2;;;;;;90110799979;;90110799979;BE;;;;;;;NLE;N;;BWOGPH;Jqtjmrd;;1990-11-07;Abxég Cic Knogpjykw;4;Comblain-Fairon;;4180;;BE;;;;;;;;;;;;;;;;;0;0
444555999;220-00-03768-21_1;;;;;;86070699994;;86070699994;BE;;;;;;;NLE;N;;DPXRYO;Sbnpc;;1986-07-06;Rrfff Vxe Remklf;10;Malmedy;;4960;;BE;;;;;;;;;;;;;;;;;0;0
444555999;220-00-03768-21_2;;;;;;82090599954;;82090599954;BE;;;;;;;NLE;N;;VXFECUBJURFN;Nojxwmta;;1982-09-05;Rtjib Xjh Xicecj;10;Malmedy;;4960;;BE;;;;;;;;;;;;;;;;;0;0
444555999;220-00-03770-23_1;;;;;;83062399996;;83062399996;BE;;;;;;;NLE;N;;OGHATYRD;Npvwu;;1983-06-23;Rsk Fm Leej Xfn;44;Tilleur;;4420;;BE;;;;;;;;;;;;;;;;;0;0
444555999;220-00-03774-27_1;;;;;;71071599991;;71071599991;BE;;;;;;;NLE;N;;CQSAQJ;Vwwènh;;1971-07-15;Rwj Cg Xvou Up Wtwsxy;187;Ougrée;;4102;;BE;;;;;;;;;;;;;;;;;0;0
444555999;220-00-03780-33_1;;;;;;83060299947;;83060299947;BE;;;;;;;NLE;N;;RIEJHJ;Aaxwixrrn;;1983-06-02;Rlu Kvyvfduap Kyeuvg;13;Lens-Saint-Remy;;4280;;BE;;;;;;;;;;;;;;;;;0;0
444555999;220-00-03780-33_2;;;;;;91041999979;;91041999979;BE;;;;;;;NLE;N;;VUBMJIIXR;Mrlaa-xnqa;;1991-04-19;Rhx Xdyrqmbrr Mehxqt;13;Lens-Saint-Remy;;4280;;BE;;;;;;;;;;;;;;;;;0;0
444555999;220-00-03781-34_1;;;;;;91020999974;;91020999974;BE;;;;;;;NLE;N;;SPQCMDSHX;Ejyxc;;1991-02-09;Rur Lpfbh Fcfcn;13;Herstal;;4040;;BE;;;;;;;;;;;;;;;;;0;0
444555999;220-00-03781-34_2;;;;;;91080599942;;91080599942;BE;;;;;;;NLE;N;;SNQNWSOM;Apuhnh;;1991-08-05;Rjb Meesp Yhjmp;13;Herstal;;4040;;BE;;;;;;;;;;;;;;;;;0;0
444555999;220-00-03784-37_1;;;;;;74030199961;;74030199961;BE;;;;;;;NLE;N;;MYFGVAXA;Osbwpdw;;1974-03-01;Cpoé Ts Humpsir;1;Stavelot;;4970;;BE;;;;;;;;;;;;;;;;;0;0
444555999;220-00-03784-37_2;;;;;;75103099937;;75103099937;BE;;;;;;;NLE;N;;SCJJFRE;Loswefvx;;1975-10-30;Cxté Yv Rossmmh;1;Stavelot;;4970;;BE;;;;;;;;;;;;;;;;;0;0
444555999;220-00-03792-45_1;;;;;;78040199955;;78040199955;BE;;;;;;;NLE;N;;VGGAJA;Fadèif;;1978-04-01;Rmy Igb Yhotagy;51;OugréeLiège;;4102;;BE;;;;;;;;;;;;;;;;;0;0
444555999;220-00-03800-53_1;;;;;;78091899965;;78091899965;BE;;;;;;;NLE;N;;ANXPJLX;Aaednfoydp;;1978-09-18;Rtq Tdggd Seisk;147;Seraing;;4100;;BE;;;;;;;;;;;;;;;;;0;0
444555999;220-00-03800-53_2;;;;;;73060799975;;73060799975;BE;;;;;;;NLE;N;;LNELCFSRR;Sxdvb;;1973-06-07;Rul Sudsl Jjvwr;147;Seraing;;4100;;BE;;;;;;;;;;;;;;;;;0;0
444555999;220-00-03803-56_1;;;;;;58030499923;;58030499923;BE;;;;;;;NLE;N;;CJPGSCTY;Syaskx;;1958-03-04;Rnw Vjéfak;50/;Liège;;4020;;BE;;;;;;;;;;;;;;;;;0;0
444555999;220-00-03804-57_1;;;;;;87090499992;;87090499992;BE;;;;;;;NLE;N;;LFMLIOY;Cécfmf;;1987-09-04;Rqd Rudosamn;24;Lambermont;;4800;;BE;;;;;;;;;;;;;;;;;0;0
444555999;220-00-03804-57_2;;;;;;83082499980;;83082499980;BE;;;;;;;NLE;N;;DBMWVK;Béoémlyn;;1983-08-24;Rct Gmbhcsfo;24;Lambermont;;4800;;BE;;;;;;;;;;;;;;;;;0;0
444555999;220-00-03807-60_1;;;;;;81110199970;;81110199970;BE;;;;;;;NLE;N;;RFTSD;Aufk Jbkiia;;1981-11-01;Rjw Kmoiadjb;121;Liège;;4000;;BE;;;;;;;;;;;;;;;;;0;0
444555999;220-00-03807-60_2;;;;;;89110199944;;89110199944;BE;;;;;;;NLE;N;;SDENYX YGAYRP;.;;1989-11-01;Rxq Msfnicqe;121;Liège;;4000;;BE;;;;;;;;;;;;;;;;;0;0
444555999;220-00-03809-62_1;;;;;;87052399976;;87052399976;BE;;;;;;;NLE;N;;NJAA;Mbsd;;1987-05-23;Rde Geyé Lfrajxjol;69;Ougrée;;4102;;BE;;;;;;;;;;;;;;;;;0;0
444555999;220-00-03809-62_2;;;;;;90052399942;;90052399942;BE;;;;;;;NLE;N;;PHRHHS;Poysojltu;;1990-05-23;Ryd Fyvé Ggntychoh;69;Ougrée;;4102;;BE;;;;;;;;;;;;;;;;;0;0
444555999;220-00-03820-73_1;;;;;;78092799986;;78092799986;BE;;;;;;;NLE;N;;AXPBWF;Cthvvqdb-llrnap;;1978-09-27;Ciibwbéa Kp Bpvyv;136;Flémalle;;4400;;BE;;;;;;;;;;;;;;;;;0;0
444555999;220-00-03820-73_2;;;;;;78022599997;;78022599997;BE;;;;;;;NLE;N;;AXBDYK;Cgaunsol;;1978-02-25;Cnkapeéu Ac Grryv;136;Flémalle;;4400;;BE;;;;;;;;;;;;;;;;;0;0
444555999;220-00-03821-74_1;;;;;;87080599955;;87080599955;BE;;;;;;;NLE;N;;BGO TCHQ;Mdlnv;;1987-08-05;Rbk Knspclsq;103;Gemmenich;;4851;;BE;;;;;;;;;;;;;;;;;0;0
444555999;220-00-03821-74_2;;;;;;89061299967;;89061299967;BE;;;;;;;NLE;N;;GGWWDO;Mqgpibvy;;1989-06-12;Rqw Himwgulf;103;Gemmenich;;4851;;BE;;;;;;;;;;;;;;;;;0;0
444555999;220-00-03822-75_1;;;;;;87060199964;;87060199964;BE;;;;;;;NLE;N;;JFKXSX;Mvouon;;1987-06-01;Cirwibtmyd Qvwtvaa;26;Bütgenbach - Weywerz;;4750;;BE;;;;;;;;;;;;;;;;;0;0
444555999;220-00-03824-77_1;;;;;;84122499932;;84122499932;BE;;;;;;;NLE;N;;CUDSECAD;Krpxb;;1984-12-24;Rbg Ytwnkw Ealcbk;36;Grâce-Hollogne;;4460;;BE;;;;;;;;;;;;;;;;;0;0
444555999;220-00-03824-77_2;;;;;;89060699953;;89060699953;BE;;;;;;;NLE;N;;CRNRDYS;Akqdglv;;1989-06-06;Rmq Qliqma Pgamkj;36;Grâce-Hollogne;;4460;;BE;;;;;;;;;;;;;;;;;0;0
444555999;220-00-03828-81_1;;;;;;88032899930;;88032899930;BE;;;;;;;NLE;N;;DTPMNMGD;Jnhmh;;1988-03-28;Rsp Ixhqi Qdspe;16;Jemeppe-sur-Meuse;;4101;;BE;;;;;;;;;;;;;;;;;0;0
444555999;220-00-03828-81_2;;;;;;87121599974;;87121599974;BE;;;;;;;NLE;N;;OFOMQLQ;Méifiuy;;1987-12-15;Rxx Rlcvq Qjunt;16;Jemeppe-sur-Meuse;;4101;;BE;;;;;;;;;;;;;;;;;0;0
444555999;220-00-03831-84_1;;;;;;86012699934;;86012699934;BE;;;;;;;NLE;N;;RXWBRB;Nirtx;;1986-01-26;Axqbsw Cp Boeqmh;6;Stavelot;;4970;;BE;;;;;;;;;;;;;;;;;0;0
444555999;220-00-03832-85_1;;;;;;87111399930;;87111399930;BE;;;;;;;NLE;N;;BJYTQTOKVSNB;Mtwtobni;;1987-11-13;Cuuytuée Cb Cxèti;12;Ampsin;;4540;;BE;;;;;;;;;;;;;;;;;0;0
444555999;220-00-03832-85_2;;;;;;88122599986;;88122599986;BE;;;;;;;NLE;N;;LFFHXRVMO;Niqveskx;;1988-12-25;Crukacén Wk Nyèrb;12;Ampsin;;4540;;BE;;;;;;;;;;;;;;;;;0;0
444555999;220-00-03834-87_1;;;;;;84022899936;;84022899936;BE;;;;;;;NLE;N;;BILSMUNQ;Thbevta;;1984-02-28;Rtb Eeypqhsdhxrv;121;Theux;;4910;;BE;;;;;;;;;;;;;;;;;0;0
444555999;220-00-03834-87_2;;;;;;85042399927;;85042399927;BE;;;;;;;NLE;N;;BUTOFSKC;Kdxlu;;1985-04-23;Ruy Aldxukpstpdr;121;Theux;;4910;;BE;;;;;;;;;;;;;;;;;0;0
444555999;220-00-03838-91_1;;;;;;74071599957;;74071599957;BE;;;;;;;NLE;N;;CCOXTOBTP;Tygejkr;;1974-07-15;Bcrdflg;13;Stavelot;;4970;;BE;;;;;;;;;;;;;;;;;0;0
444555999;220-00-03838-91_2;;;;;;81101199954;;81101199954;BE;;;;;;;NLE;N;;SCDMMB;Jdlgsun;;1981-10-11;Bxgdsby;13;Stavelot;;4970;;BE;;;;;;;;;;;;;;;;;0;0
444555999;220-00-03842-95_1;;;;;;85112399976;;85112399976;BE;;;;;;;NLE;N;;BJKBAFL;Amye-itxbwhlep;;1985-11-23;Roxnc Aw Omôpve;64;Malmedy;;4960;;BE;;;;;;;;;;;;;;;;;0;0
444555999;220-00-03843-96_1;;;;;;88060699932;;88060699932;BE;;;;;;;NLE;N;;LNVGH;Jwyjsf;;1988-06-06;Rhk Gseaxyps;2;Amay;;4540;;BE;;;;;;;;;;;;;;;;;0;0
444555999;220-00-03847-03_1;;;;;;82020299995;;82020299995;BE;;;;;;;NLE;N;;NOSB;Rwwfebk;;1982-02-02;Rhv Dq I'tymxdoé;481;Soumagne;;4630;;BE;;;;;;;;;;;;;;;;;0;0
444555999;220-00-03848-04_1;;;;;;89070399953;;89070399953;BE;;;;;;;NLE;N;;TALGLQ;Kogyt;;1989-07-03;Rso Wgpé;8;Herstal;;4040;;BE;;;;;;;;;;;;;;;;;0;0
444555999;220-00-03851-07_1;;;;;;88120299997;;88120299997;BE;;;;;;;NLE;N;;BGMDEMX;Mmtlokg;;1988-12-02;Pk Ldl Ugdxrevej Ngfebkèqrq;168;Malmedy;;4960;;BE;;;;;;;;;;;;;;;;;0;0
444555999;220-00-03851-07_2;;;;;;91070299928;;91070299928;BE;;;;;;;NLE;N;;EGTRPWX;Aehprqp;;1991-07-02;Pf Eox Otgotoyxy Wreywjèttd;168;Malmedy;;4960;;BE;;;;;;;;;;;;;;;;;0;0
444555999;220-00-03852-08_1;;;;;;80071199912;;80071199912;BE;;;;;;;NLE;N;;DIMHQB;Mslloc;;1980-07-11;Raf Maxep Ryakud;9;Cornesse;;4860;;BE;;;;;;;;;;;;;;;;;0;0
444555999;220-00-03852-08_2;;;;;;84042199966;;84042199966;BE;;;;;;;NLE;N;;BBSSQ;Cnqlcaj;;1984-04-21;Rei Jiuew Wvbrjj;9;Cornesse;;4870;;BE;;;;;;;;;;;;;;;;;0;0
444555999;220-00-03853-09_1;;;;;;88042099983;;88042099983;BE;;;;;;;NLE;N;;PBMLJIE;Céidew;;1988-04-20;Rik Xuosnh;15;Flémalle;;4400;;BE;;;;;;;;;;;;;;;;;0;0
444555999;220-00-03853-09_2;;;;;;90041099937;;90041099937;BE;;;;;;;NLE;N;;LTDHKYUA;Cmwshayov;;1990-04-10;Rrt Qqfnsk;15;Flémalle;;4400;;BE;;;;;;;;;;;;;;;;;0;0
444555999;220-00-03854-10_1;;;;;;80020199983;;80020199983;BE;;;;;;;NLE;N;;ACCOPYTE;Ohnqiq;;1980-02-01;Rqd Itaxrboo;29;Oupeye;;4680;;BE;;;;;;;;;;;;;;;;;0;0
444555999;220-00-03855-11_1;;;;;;77091599937;;77091599937;BE;;;;;;;NLE;N;;BQBBCBKX;Cuofctbqdw;;1977-09-15;Rlt Tps-piv-jygian;4;Jupille-Sur-Meuse;;4020;;BE;;;;;;;;;;;;;;;;;0;0
444555999;220-00-03855-11_2;;;;;;73060899945;;73060899945;BE;;;;;;;NLE;N;;POJLUN;Fetokx;;1973-06-08;Rwi Pjn-otl-hkvvoy;4;Jupille-sur-Meuse;;4020;;BE;;;;;;;;;;;;;;;;;0;0
444555999;220-00-03856-12_1;;;;;;60062699908;;60062699908;BE;;;;;;;NLE;N;;ZQVANH;Grknbwl;;1960-06-26;Rph Yck Dokgav Epéa;235;Chênée;;4032;;BE;;;;;;;;;;;;;;;;;0;0
444555999;220-00-03857-13_1;;;;;;89053099905;;89053099905;BE;;;;;;;NLE;N;;TQSGVRLEV;Bftmvdv;;1989-05-30;Rpa Qq Gowqacq;42;Hannut;;4280;;BE;;;;;;;;;;;;;;;;;0;0
444555999;220-00-03857-13_2;;;;;;93110699975;;93110699975;BE;;;;;;;NLE;N;;NDHS;Lvmth;;1993-11-06;Rox Wm Jbpxaac;42;Hannut;;4280;;BE;;;;;;;;;;;;;;;;;0;0
444555999;220-00-03859-15_1;;;;;;78040399992;;78040399992;BE;;;;;;;NLE;N;;FJTCK NJAAJ;Rgijhhi;;1978-04-03;Bjbf Te Nefspt;134;Ougrée;;4102;;BE;;;;;;;;;;;;;;;;;0;0
444555999;220-00-03860-16_1;;;;;;85071299987;;85071299987;BE;;;;;;;NLE;N;;VXWRNNFOMR;Cyrmyhflvl;;1985-07-12;Taxomlkcst;16;Bütgenbach;;4750;;BE;;;;;;;;;;;;;;;;;0;0
444555999;220-00-03861-17_1;;;;;;71012099993;;71012099993;BE;;;;;;;NLE;N;;HNHDQ;Yteck;;1971-01-20;Rxc Irfrll;18;Saint-Nicolas (Lg);;4420;;BE;;;;;;;;;;;;;;;;;0;0
444555999;220-00-03861-17_2;;;;;;91110799903;;91110799903;BE;;;;;;;NLE;N;;BPGWBVD;Shsiycci;;1991-11-07;Roo Psjeum;18;Saint-Nicolas (Lg);;4420;;BE;;;;;;;;;;;;;;;;;0;0
444555999;220-00-03862-18_1;;;;;;81121199968;;81121199968;BE;;;;;;;NLE;N;;VOBKVAQTP;Sfljkiiwk;;1981-12-11;Acodko Nr Gq Bboo;80;Trois-Ponts;;4980;;BE;;;;;;;;;;;;;;;;;0;0
444555999;220-00-03864-20_1;;;;;;76121899944;;76121899944;BE;;;;;;;NLE;N;;AOTBFRCIG;Vdcrvxm;;1976-12-18;Ryh Bk L'svgnwry;21;Verviers;;4800;;BE;;;;;;;;;;;;;;;;;0;0
444555999;220-00-03864-20_2;;;;;;76071699969;;76071699969;BE;;;;;;;NLE;N;;VSYBJ;Codldxgjlv;;1976-07-16;Rtn Ui W'shnaqrr;21;Verviers;;4800;;BE;;;;;;;;;;;;;;;;;0;0
444555999;220-00-03865-21_1;;;;;;86020899996;;86020899996;BE;;;;;;;NLE;N;;DQ IT OCBXTS IMTIUKH;Mucmpwm;;1986-02-08;Rac Cxtgt Gm Arky;80;Andrimont;;4821;;BE;;;;;;;;;;;;;;;;;0;0
444555999;220-00-03865-21_2;;;;;;92122999950;;92122999950;NL;;;;;;;NLE;N;;FJGPHXRH;Lrmsldof;;1992-12-29;Rso Kdpvl Ry Olij;80;Andrimont;;4821;;BE;;;;;;;;;;;;;;;;;0;0
444555999;220-00-03866-22_1;;;;;;92092799989;;92092799989;NL;;;;;;;NLE;N;;BOKNI;Akur;;1992-09-27;Dyffcnnrßc;49;Büllingen;;4760;;BE;;;;;;;;;;;;;;;;;0;0
444555999;220-00-03866-22_2;;;;;;91042899903;;91042899903;NL;;;;;;;NLE;N;;MFASFSJR;Kyvghxc;;1991-04-28;Dorvdtbpßj;49;Büllingen;;4760;;BE;;;;;;;;;;;;;;;;;0;0
444555999;220-00-03868-24_1;;;;;;81011499995;;81011499995;NL;;;;;;;NLE;N;;AENNSGRE;Ahtnrrsx;;1981-01-14;Rqi Pkkèew Dpy Yqo Ujpx;8;Grivegnée;;4030;;BE;;;;;;;;;;;;;;;;;0;0
444555999;220-00-03868-24_2;;;;;;85082399955;;85082399955;NL;;;;;;;NLE;N;;GMLBEQH;Ribyja;;1985-08-23;Ria Klpèld Chx Now Oeqv;8;Grivegnée;;4030;;BE;;;;;;;;;;;;;;;;;0;0
444555999;220-00-03872-28_1;;;;;;82020999979;;82020999979;NL;;;;;;;NLE;N;;VLY XMDIOA;Ndhyf;;1982-02-09;Rku Yx Oc Qwlsx;94;Vivegnis;;4683;;BE;;;;;;;;;;;;;;;;;0;0
444555999;220-00-03873-29_1;;;;;;88091699944;;88091699944;NL;;;;;;;NLE;N;;PPESQ;Gryo;;1988-09-16;Ric Sxctyms;171;Andrimont;;4821;;BE;;;;;;;;;;;;;;;;;0;0
444555999;220-00-03873-29_2;;;;;;90070299907;;90070299907;NL;;;;;;;NLE;N;;SVBJDGV;Rellhsv;;1990-07-02;Rwx Xrkcqkh;171;Andrimont;;4821;;BE;;;;;;;;;;;;;;;;;0;0
444555999;220-00-03876-32_1;;;;;;91082899931;;91082899931;NL;;;;;;;NLE;N;;STXIUCJKK;Naxdwtw;;1991-08-28;Rml Of Nv Duké;1;Kelmis;;4720;;BE;;;;;;;;;;;;;;;;;0;0
444555999;220-00-03876-32_2;;;;;;92122899980;;92122899980;NL;;;;;;;NLE;N;;KEKX;Sjunsvj;;1992-12-28;Rma Xn Yc Rxjé;1;Kelmis;;4720;;BE;;;;;;;;;;;;;;;;;0;0
444555999;220-00-03877-33_1;;;;;;75031999927;;75031999927;NL;;;;;;;NLE;N;;GPEFYKRMA;Jhgspl;;1975-03-19;Rpn Pg Sh Ccom;13;Welkenraedt;;4840;;BE;;;;;;;;;;;;;;;;;0;0
444555999;220-00-03877-33_2;;;;;;84021099991;;84021099991;NL;;;;;;;NLE;N;;MYRBYKUSR;Gbvmp;;1984-02-10;Ruy An Vl Bsym;13;Welkenraedt;;4840;;BE;;;;;;;;;;;;;;;;;0;0
444555999;220-00-03878-34_1;;;;;;82031599903;;82031599903;NL;;;;;;;NLE;N;;BAJCNQV;Cwnohaq;;1982-03-15;Ryx Nxd Vhêfwe;20;Bressoux;;4020;;BE;;;;;;;;;;;;;;;;;0;0
444555999;220-00-03880-36_1;;;;;;87101199983;;87101199983;NL;;;;;;;NLE;N;;ZWHEYMAUVOI;Céijkd;;1987-10-11;Rud Aésds Cxjmuj;73;Gemmenich;;4851;;BE;;;;;;;;;;;;;;;;;0;0
444555999;220-00-03880-36_2;;;;;;86101099992;;86101099992;NL;;;;;;;NLE;N;;HEUILDP;Jbbki;;1986-10-10;Rrl Uéipr Tgankj;73;Gemmenich;;4851;;BE;;;;;;;;;;;;;;;;;0;0
444555999;220-00-03881-37_1;;;;;;74040399908;;74040399908;NL;;;;;;;NLE;N;;VHJ DON LPWBEP;Jhewvt;;1974-04-03;Rfecx Ps Ajwsgab;74;Malmedy;;4960;;BE;;;;;;;;;;;;;;;;;0;0
444555999;220-00-03882-38_1;;;;;;85011699922;;85011699922;NL;;;;;;;NLE;N;;DY IOLMC;Fdéwéqcg;;1985-01-16;Akcqjm Vpjqyw Mpkms;78;Limbourg;;4830;;BE;;;;;;;;;;;;;;;;;0;0
444555999;220-00-03883-39_1;;;;;;64111599969;;64111599969;NL;;;;;;;NLE;N;;HFHCYCG;Edjbastcc;;1964-11-15;Rnm Onqykm;15;Verviers;;4800;;BE;;;;;;;;;;;;;;;;;0;0
444555999;220-00-03884-40_1;;;;;;70031199965;;70031199965;NL;;;;;;;NLE;N;;HFHMWOX;Pittcdk;;1970-03-11;Ruj Iv El Axnobyo;137;Seraing;;4100;;BE;;;;;;;;;;;;;;;;;0;0
444555999;220-00-03885-41_1;;;;;;81012199979;;81012199979;NL;;;;;;;NLE;N;;MGRYGJ;Geatetrv;;1981-01-21;Wéxdldku;8;La Gleize;;4987;;BE;;;;;;;;;;;;;;;;;0;0
444555999;220-00-03887-43_1;;;;;;78091999935;;78091999935;NL;;;;;;;NLE;N;;CKNNQA;Pfsckw;;1978-09-19;Hüwbh;37;Eupen;;4700;;BE;;;;;;;;;;;;;;;;;0;0
444555999;220-00-03887-43_2;;;;;;86061799948;;86061799948;NL;;;;;;;NLE;N;;TNFEGTD;Mhvaien;;1986-06-17;Hüilq;37;Eupen;;4700;;BE;;;;;;;;;;;;;;;;;0;0
444555999;220-00-03888-44_1;;;;;;90082599903;;90082599903;NL;;;;;;;NLE;N;;CCQUCCVA;Mgni;;1990-08-25;Cjpbekéf Ly Srofosd;144;Amay;;4540;;BE;;;;;;;;;;;;;;;;;0;0
444555999;220-00-03888-44_2;;;;;;86021799920;;86021799920;NL;;;;;;;NLE;N;;DGDJCI;Vwkévuh;;1986-02-17;Cjtfojés Oh Bphrsxn;144;Amay;;4540;;BE;;;;;;;;;;;;;;;;;0;0
444555999;220-00-03889-45_1;;;;;;86022899978;;86022899978;NL;;;;;;;NLE;N;;NAMJK;Dqpephosi;;1986-02-28;Ruf Eqdjh;5 B;Pépinster;;4860;;BE;;;;;;;;;;;;;;;;;0;0
444555999;220-00-03889-45_2;;;;;;90031799914;;90031799914;NL;;;;;;;NLE;N;;LSIQK;Sxtbp;;1990-03-17;Rgc Uapey;5 B;Pepinster;;4860;;BE;;;;;;;;;;;;;;;;;0;0
444555999;220-00-03891-47_1;;;;;;78020999992;;78020999992;NL;;;;;;;NLE;N;;MAGYLEHBI;Fgébéulk;;1978-02-09;Prikpykg;21;Baelen (Lg.);;4837;;BE;;;;;;;;;;;;;;;;;0;0
444555999;220-00-03892-48_1;;;;;;75031799987;;75031799987;NL;;;;;;;NLE;N;;TYSRMUUV;Mivs;;1975-03-17;Se.eisapp Ecguße ,ajükdrwuclf;91;Burg-Reuland;;4790;;BE;;;;;;;;;;;;;;;;;0;0
444555999;220-00-03895-51_1;;;;;;87113099905;;87113099905;NL;;;;;;;NLE;N;;SRVBSP;Dgcawb;;1987-11-30;Zdr Eqqei Ckkfxhdtgld;13;Büllingen;;4760;;BE;;;;;;;;;;;;;;;;;0;0
444555999;220-00-03895-51_2;;;;;;88110299990;;88110299990;NL;;;;;;;NLE;N;;MTEJ;Jvtgm;;1988-11-02;Zfg Bwmiv Uftmysaiped;13;Büllingen;;4760;;BE;;;;;;;;;;;;;;;;;0;0
444555999;220-00-03896-52_1;;;;;;72061499938;;72061499938;NL;;;;;;;NLE;N;;ATPLM;Pdgyetr;;1972-06-14;Rxq Wfsvu Kd Hong;28;Liège;;4000;;BE;;;;;;;;;;;;;;;;;0;0
444555999;220-00-03896-52_2;;;;;;81030799928;;81030799928;NL;;;;;;;NLE;N;;KQIYUSB;Frblbrdb;;1981-03-07;Rvt Ylpsf Mi Uopm;28;Liège;;4000;;BE;;;;;;;;;;;;;;;;;0;0
444555999;220-00-03897-53_1;;;;;;84052799987;;84052799987;NL;;;;;;;NLE;N;;DAMJO;Pyugwler;;1984-05-27;Qmly Qk Loxukwdg;36;Comblain-au-Pont;;4170;;BE;;;;;;;;;;;;;;;;;0;0
444555999;220-00-03897-53_2;;;;;;89040999946;;89040999946;NL;;;;;;;NLE;N;;RCKCYG;Axtkhkk;;1989-04-09;Qdwf Qm Awpjhkal;36;Comblain-au-Pont;;4170;;BE;;;;;;;;;;;;;;;;;0;0
444555999;220-00-03899-55_1;;;;;;83102999941;;83102999941;NL;;;;;;;NLE;N;;DUJEM;Slyhvs;;1983-10-29;Rte Qt Mévediob;23;Fléron;;4620;;BE;;;;;;;;;;;;;;;;;0;0
444555999;220-00-03899-55_2;;;;;;82122799994;;82122799994;NL;;;;;;;NLE;N;;KCQJIF;Sobhbw;;1982-12-27;Rpo Og Jéjsxvyg;23;Fléron;;4620;;BE;;;;;;;;;;;;;;;;;0;0
444555999;220-00-03904-60_1;;;;;;76021499994;;76021499994;NL;;;;;;;NLE;N;;HYXD;Mgvaybs;;1976-02-14;Ret Ujkhi;7;Comblain-au-Pont;;4170;;BE;;;;;;;;;;;;;;;;;0;0
444555999;220-00-03904-60_2;;;;;;80050799921;;80050799921;NL;;;;;;;NLE;N;;RDIINO;Cmcdeytu;;1980-05-07;Rbg Xvtbf;7;Comblain-au-Pont;;4170;;BE;;;;;;;;;;;;;;;;;0;0
444555999;220-00-03905-61_1;;;;;;56062199974;;56062199974;NL;;;;;;;NLE;N;;GLQVESTK;Ggujvigx;;1956-06-21;Rab Sg Utnard;48;Verviers;;4800;;BE;;;;;;;;;;;;;;;;;0;0
444555999;220-00-03905-61_2;;;;;;74021099975;;74021099975;NL;;;;;;;NLE;N;;CFTVNFVG;Rkxqjv;;1974-02-10;Rfr Tb Tvmofw;48;Verviers;;4800;;BE;;;;;;;;;;;;;;;;;0;0
444555999;220-00-03907-63_1;;;;;;79121299993;;79121299993;NL;;;;;;;NLE;N;;TRY;Mafcenab;;1979-12-12;Rxx Nu Jhrkc;14;Hannut;;4280;;BE;;;;;;;;;;;;;;;;;0;0
444555999;220-00-03907-63_2;;;;;;87110799916;;87110799916;NL;;;;;;;NLE;N;;DGEMIAFS;Cécsbs;;1987-11-07;Rrq If Pfurs;14;Hannut;;4280;;BE;;;;;;;;;;;;;;;;;0;0
444555999;220-00-03909-65_1;;;;;;67012099909;;67012099909;NL;;;;;;;NLE;N;;BGBFQNDW;Mlbwpf;;1967-01-20;Rpf Pr Uqvd;138;Retinne;;4621;;BE;;;;;;;;;;;;;;;;;0;0
444555999;220-00-03909-65_2;;;;;;86072499939;;86072499939;NL;;;;;;;NLE;N;;DX IEU;Agqakg;;1986-07-24;Rcm Hv Frum;138;Retinne;;4621;;BE;;;;;;;;;;;;;;;;;0;0
444555999;220-00-03911-67_1;;;;;;79091999956;;79091999956;NL;;;;;;;NLE;N;;FÄHSMH;Fwfbr;;1979-09-19;Pagmohbqvvivvfhgs;9;Raeren;;4730;;BE;;;;;;;;;;;;;;;;;0;0
444555999;220-00-03911-67_2;;;;;;81092599915;;81092599915;NL;;;;;;;NLE;N;;KSWUHL;Mércajv;;1981-09-25;Pattytjhhemqwrfdq;9;Raeren;;4730;;BE;;;;;;;;;;;;;;;;;0;0
444555999;220-00-03912-68_1;;;;;;85101099971;;85101099971;NL;;;;;;;NLE;N;;SGCUUV;Mwcban;;1985-10-10;Rxp Xqf Ayuwvwb;77;Seraing;;4100;;BE;;;;;;;;;;;;;;;;;0;0
444555999;220-00-03913-69_1;;;;;;79072299949;;79072299949;NL;;;;;;;NLE;N;;CEKRBVQOH;Rstxjëa;;1979-07-22;Rov Ijs Vbgqppysq;76;Flémalle;;4400;;BE;;;;;;;;;;;;;;;;;0;0
444555999;220-00-03913-69_2;;;;;;89100399974;;89100399974;NL;;;;;;;NLE;N;;LWBEKPF;Sfalm;;1989-10-03;Rmi Mbg Gmlgwjqga;76;Flémalle;;4400;;BE;;;;;;;;;;;;;;;;;0;0
444555999;220-00-03915-71_1;;;;;;87120699953;;87120699953;NL;;;;;;;NLE;N;;VONJBILEO;Séhpnyrrb;;1987-12-06;Raa Lo M'nkyr;337;Ans;;4430;;BE;;;;;;;;;;;;;;;;;0;0
444555999;220-00-03915-71_2;;;;;;89110199944;;89110199944;NL;;;;;;;NLE;N;;AFXHVW;Eihlng;;1989-11-01;Rhy Fm T'bkfa;337;Ans;;4430;;BE;;;;;;;;;;;;;;;;;0;0
444555999;220-00-03916-72_1;;;;;;69032399972;;69032399972;NL;;;;;;;NLE;N;;GUKBDCT Vndmc;Jcpd-yéjttwell;;1969-03-23;Rcr Gm Ws Wmmavwaipif;47;Malmedy;;4960;;BE;;;;;;;;;;;;;;;;;0;0
444555999;220-00-03916-72_2;;;;;;69090699942;;69090699942;NL;;;;;;;NLE;N;;PJRIUP;Sqato;;1969-09-06;Ruf Bi Jt Ldmadgcucou;47;Malmedy;;4960;;BE;;;;;;;;;;;;;;;;;0;0
444555999;220-00-03917-73_1;;;;;;79021999907;;79021999907;NL;;;;;;;NLE;N;;LHLXHFUU;Drdbc;;1979-02-19;Rgr Lywii;18;Amay;;4540;;BE;;;;;;;;;;;;;;;;;0;0
444555999;220-00-03917-73_2;;;;;;84100199929;;84100199929;NL;;;;;;;NLE;N;;BEGVVHB;Ltlsspjo;;1984-10-01;Rim Pdsft;18;Amay;;4540;;BE;;;;;;;;;;;;;;;;;0;0
444555999;220-00-03921-77_1;;;;;;82021599993;;82021599993;NL;;;;;;;NLE;N;;DTKFMKYV;Likaxwe;;1982-02-15;Rmm Icsfnicg;42;Wonck;;4690;;BE;;;;;;;;;;;;;;;;;0;0
444555999;220-00-03921-77_2;;;;;;86120699932;;86120699932;NL;;;;;;;NLE;N;;STNVIK;Syéjamhoi;;1986-12-06;Rkl Marwjpct;42;Wonck;;4690;;BE;;;;;;;;;;;;;;;;;0;0
444555999;220-00-03923-79_1;;;;;;88110199923;;88110199923;NL;;;;;;;NLE;N;;LQNPMFB;Lqcnreg;;1988-11-01;Alaogj Mg Bonjgxtc;12;Stavelot;;4970;;BE;;;;;;;;;;;;;;;;;0;0
444555999;220-00-03925-81_1;;;;;;93102999957;;93102999957;NL;;;;;;;NLE;N;;GMFTXACP;Joaip;;1993-10-29;Ruj Rweikd Mpxyhq;19;Spa;;4900;;BE;;;;;;;;;;;;;;;;;0;0
444555999;220-00-03926-82_1;;;;;;93102999957;;93102999957;NL;;;;;;;NLE;N;;GMFTXACP;Joaip;;1993-10-29;Rdr Xmtcaf Nfnvwa;19;Spa;;4900;;BE;;;;;;;;;;;;;;;;;0;0
444555999;220-00-03928-84_1;;;;;;87060799978;;87060799978;NL;;;;;;;NLE;N;;PXETGNG;Jécôkn;;1987-06-07;Rjh Aorlg;45;Kelmis;;4720;;BE;;;;;;;;;;;;;;;;;0;0
444555999;220-00-03928-84_2;;;;;;91111799991;;91111799991;NL;;;;;;;NLE;N;;PIKGVOJ;Vcogqqtf;;1991-11-17;Rmd Nsvky;45;Kelmis;;4720;;BE;;;;;;;;;;;;;;;;;0;0
444555999;220-00-03929-85_1;;;;;;84071599973;;84071599973;NL;;;;;;;NLE;N;;AXQISOH;Bvscxe;;1984-07-15;Rtb Lg Bfwhfbw;158;Dison;;4820;;BE;;;;;;;;;;;;;;;;;0;0
444555999;220-00-03929-85_2;;;;;;93080499917;;93080499917;NL;;;;;;;NLE;N;;LNBNPKFQ;Nntaco;;1993-08-04;Rab Ug Ykclpnn;158;Dison;;4820;;BE;;;;;;;;;;;;;;;;;0;0
444555999;220-00-03930-86_1;;;;;;73071899943;;73071899943;NL;;;;;;;NLE;N;;HVGOTMGJHQL;Phimdk;;1973-07-18;Vqoföamcw;8;Kelmis;;4720;;BE;;;;;;;;;;;;;;;;;0;0
444555999;220-00-03930-86_2;;;;;;81062299984;;81062299984;NL;;;;;;;NLE;N;;POGB;Dknvwfi;;1981-06-22;Vrkpöahme;8;Kelmis;;4720;;BE;;;;;;;;;;;;;;;;;0;0
444555999;220-00-03931-87_1;;;;;;79042299928;;79042299928;NL;;;;;;;NLE;N;;BUNCNG;Doebx;;1979-04-22;Ris Upv Vwxwbp;48;Montzen;;4850;;BE;;;;;;;;;;;;;;;;;0;0
444555999;220-00-03931-87_2;;;;;;85120899948;;85120899948;NL;;;;;;;NLE;N;;GHPAYBBK;Abséruuhw;;1985-12-08;Rue Hmo Vkqhgm;48;Montzen;;4850;;BE;;;;;;;;;;;;;;;;;0;0
444555999;220-00-03932-88_1;;;;;;93010499965;;93010499965;NL;;;;;;;NLE;N;;CDTYK;Mwktho;;1993-01-04;Rrh Rk Whxeay;74;Moha;;4520;;BE;;;;;;;;;;;;;;;;;0;0
444555999;220-00-03933-89_1;;;;;;88042099983;;88042099983;NL;;;;;;;NLE;N;;MFTAX;Bvrek;;1988-04-20;Rma Atdnh-gcew;26;Waremme;;4300;;BE;;;;;;;;;;;;;;;;;0;0
444555999;220-00-03933-89_2;;;;;;93042899945;;93042899945;NL;;;;;;;NLE;N;;FKHOK;Isqduijn;;1993-04-28;Rdj Xjnsx-hngg;26;Waremme;;4300;;BE;;;;;;;;;;;;;;;;;0;0
444555999;220-00-03934-90_1;;;;;;88042099983;;88042099983;NL;;;;;;;NLE;N;;MFTAX;Bvrek;;1988-04-20;Rud Bpjir-kbjh;26;Waremme;;4300;;BE;;;;;;;;;;;;;;;;;0;0
444555999;220-00-03934-90_2;;;;;;93042899945;;93042899945;NL;;;;;;;NLE;N;;FKHOK;Isqduijn;;1993-04-28;Rfx Kirno-atdh;26;Waremme;;4300;;BE;;;;;;;;;;;;;;;;;0;0
444555999;220-00-03935-91_1;;;;;;89031999930;;89031999930;NL;;;;;;;NLE;N;;DWCRUVFR;Kscme;;1989-03-19;Rhx Unknywy;3;Jupille-Sur-Meuse;;4020;;BE;;;;;;;;;;;;;;;;;0;0
444555999;220-00-03936-92_1;;;;;;88040599948;;88040599948;NL;;;;;;;NLE;N;;REHUXVG;Jkrx-rkcxjn;;1988-04-05;Rxe Yh Cm Hhxlauk;83;Racour;;4287;;BE;;;;;;;;;;;;;;;;;0;0
444555999;220-00-03936-92_2;;;;;;92080999940;;92080999940;NL;;;;;;;NLE;N;;MYUNVB;Agéeou;;1992-08-09;Rub Nf Sy Ldvhrxr;83;Racour;;4287;;BE;;;;;;;;;;;;;;;;;0;0
444555999;220-00-03937-93_1;;;;;;74012399966;;74012399966;NL;;;;;;;NLE;N;;BQIR;Ahdek;;1974-01-23;Rvr Xja Skbpwrrgdw;12;Bressoux;;4020;;BE;;;;;;;;;;;;;;;;;0;0
444555999;220-00-03937-93_2;;;;;;66091199923;;66091199923;NL;;;;;;;NLE;N;;NMKLIDF;Fdstap;;1966-09-11;Rrh Wee Cwpekpihbv;12;Bressoux;;4020;;BE;;;;;;;;;;;;;;;;;0;0
444555999;220-00-03938-94_1;;;;;;84060899982;;84060899982;NL;;;;;;;NLE;N;;GKJCVV;Siqnl;;1984-06-08;Bkntnnxle;68;Eupen;;4700;;BE;;;;;;;;;;;;;;;;;0;0
444555999;220-00-03938-94_2;;;;;;86102199953;;86102199953;NL;;;;;;;NLE;N;;HJHUNKCA;Sgsmey;;1986-10-21;Bfrgmltjo;68;Eupen;;4700;;BE;;;;;;;;;;;;;;;;;0;0
444555999;220-00-03939-95_1;;;;;;78060799983;;78060799983;NL;;;;;;;NLE;N;;t'YEQTLOXYNI;Dbasxajg;;1978-06-07;Rew Jn I'phnpèvl;14;Stavelot;;4970;;BE;;;;;;;;;;;;;;;;;0;0
444555999;220-00-03940-96_1;;;;;;91060499958;;91060499958;NL;;;;;;;NLE;N;;KEGHHJRRRO;Xrswsj;;1991-06-04;Reh Ihjuneujvnh;28;Amay;;4540;;BE;;;;;;;;;;;;;;;;;0;0
444555999;220-00-03940-96_2;;;;;;94111899927;;94111899927;NL;;;;;;;NLE;N;;FYNRMRL;Méahgpu;;1994-11-18;Ryp Mggymliscwx;28;Amay;;4540;;BE;;;;;;;;;;;;;;;;;0;0
444555999;220-00-03941-97_1;;;;;;72121799987;;72121799987;NL;;;;;;;NLE;N;;RIHG;Stfvna;;1972-12-17;Mnpgbqp;32;Pépinster;;4860;;BE;;;;;;;;;;;;;;;;;0;0
444555999;220-00-03941-97_2;;;;;;72011299963;;72011299963;NL;;;;;;;NLE;N;;RLBB;Cmruncmxb;;1972-01-12;Mujhxpn;32;Pépinster;;4860;;BE;;;;;;;;;;;;;;;;;0;0
444555999;220-00-03941-97_3;;;;;;72010317293;;72010317293;NL;;;;;;;NLE;N;;ROTH;Maria;;1972-01-03;Miousset 32;;Pépinster;;4860;;BE;;;;;;;;;;;;;;;;;0;0
444555999;220-00-03942-01_1;;;;;;72121799987;;72121799987;NL;;;;;;;NLE;N;;RIHG;Stfvna;;1972-12-17;Muiyfla;32;Pépinster;;4860;;BE;;;;;;;;;;;;;;;;;0;0
444555999;220-00-03942-01_2;;;;;;72011299963;;72011299963;NL;;;;;;;NLE;N;;RLBB;Cmruncmxb;;1972-01-12;Mpwrnaj;32;Pépinster;;4860;;BE;;;;;;;;;;;;;;;;;0;0
444555999;220-00-03942-01_3;;;;;;72010317293;;72010317293;NL;;;;;;;NLE;N;;ROTH;Maria;;1972-01-03;Mousset 32;;Pépinster;;4860;;BE;;;;;;;;;;;;;;;;;0;0
444555999;220-00-03944-03_1;;;;;;92062399991;;92062399991;NL;;;;;;;NLE;N;;DRGVS;Jéhôsh;;1992-06-23;Rhy Pnsg Pe Nrfc;103;Saint-Nicolas (Lg.);;4420;;BE;;;;;;;;;;;;;;;;;0;0
444555999;220-00-03944-03_2;;;;;;91021999965;;91021999965;NL;;;;;;;NLE;N;;COYWOT;Céjngu;;1991-02-19;Rvg Wwak Hh Phia;103;Saint-Nicolas (Lg.);;4420;;BE;;;;;;;;;;;;;;;;;0;0
444555999;220-00-03945-04_1;;;;;;93011599926;;93011599926;NL;;;;;;;NLE;N;;PLPHQTH;Kifvg;;1993-01-15;Rmc Mq Uvmig;127;Welkenraedt;;4840;;BE;;;;;;;;;;;;;;;;;0;0
444555999;220-00-03945-04_2;;;;;;94100999996;;94100999996;NL;;;;;;;NLE;N;;LINDLGLKKMB;Lkiqs;;1994-10-09;Rhj Vu Fpftf;127;Welkenraedt;;4840;;BE;;;;;;;;;;;;;;;;;0;0
444555999;220-00-03946-05_1;;;;;;92102899966;;92102899966;NL;;;;;;;NLE;N;;GFMGE;Pgydrm;;1992-10-28;Rgr Dovma Gudxceyy;106;Herstal;;4040;;BE;;;;;;;;;;;;;;;;;0;0
444555999;220-00-03946-05_2;;;;;;97082499983;;97082499983;NL;;;;;;;NLE;N;;CXPOYA;Smmrowum;;1997-08-24;Rrt Lonrp Kengqsai;106;Herstal;;4040;;BE;;;;;;;;;;;;;;;;;0;0
444555999;220-00-03947-06_1;;;;;;77041099955;;77041099955;NL;;;;;;;NLE;N;;MBVRWPQ;Mvvssi;;1977-04-10;Ruv Cébfy Jipdcn;91;Plombières;;4850;;BE;;;;;;;;;;;;;;;;;0;0
444555999;220-00-03947-06_2;;;;;;80062799910;;80062799910;NL;;;;;;;NLE;N;;MRUTWMJ;Vbxilba;;1980-06-27;Rss Léofa Dhmsvi;91;Plombières;;4850;;BE;;;;;;;;;;;;;;;;;0;0
444555999;220-00-03948-07_1;;;;;;84092699948;;84092699948;NL;;;;;;;NLE;N;;LWQJKPL;Bxxyu;;1984-09-26;Rvy Wmpbmp;25;Aywaille;;4920;;BE;;;;;;;;;;;;;;;;;0;0
444555999;220-00-03948-07_2;;;;;;86101099992;;86101099992;NL;;;;;;;NLE;N;;FFEOIS;Méyange;;1986-10-10;Roa Lfnlnl;25;Aywaille;;4920;;BE;;;;;;;;;;;;;;;;;0;0
444555999;220-00-03949-08_1;;;;;;84092699948;;84092699948;NL;;;;;;;NLE;N;;LWQJKPL;Bxxyu;;1984-09-26;Rne Lhbvpd;25;Aywaille;;4920;;BE;;;;;;;;;;;;;;;;;0;0
444555999;220-00-03949-08_2;;;;;;86101099992;;86101099992;NL;;;;;;;NLE;N;;FFEOIS;Méyange;;1986-10-10;Rjw Ajgvbh;25;Aywaille;;4920;;BE;;;;;;;;;;;;;;;;;0;0
444555999;220-00-03950-09_1;;;;;;74092499992;;74092499992;NL;;;;;;;NLE;N;;WYYUIIIIU;Evkywyun;;1974-09-24;Ria Hr Rmgdjscb;9;Waimes;;4950;;BE;;;;;;;;;;;;;;;;;0;0
444555999;220-00-03951-10_1;;;;;;74092499992;;74092499992;NL;;;;;;;NLE;N;;WYYUIIIIU;Evkywyun;;1974-09-24;Rwm Hp Cyocfudv;9;Waimes;;4950;;BE;;;;;;;;;;;;;;;;;0;0
444555999;220-00-03952-11_1;;;;;;83091899973;;83091899973;NL;;;;;;;NLE;N;;HNVFMP;Llarns;;1983-09-18;Rnv Pj Qr Tngotbé;46;Welkenraedt;;4840;;BE;;;;;;;;;;;;;;;;;0;0
444555999;220-00-03952-11_2;;;;;;88092599965;;88092599965;NL;;;;;;;NLE;N;;LTRV;Vthyccp;;1988-09-25;Rxq Ci Bf Tjkqlvé;46;Welkenraedt;;4840;;BE;;;;;;;;;;;;;;;;;0;0
444555999;220-00-03954-13_1;;;;;;87060499971;;87060499971;NL;;;;;;;NLE;N;;EWRYN;Aejt;;1987-06-04;Mwxbxhdscfp;2;Kettenis;;4701;;BE;;;;;;;;;;;;;;;;;0;0
444555999;220-00-03954-13_2;;;;;;95081199943;;95081199943;NL;;;;;;;NLE;N;;KAKYMPW;Smgmah;;1995-08-11;Mlptlmpsphe;2;Kettenis;;4701;;BE;;;;;;;;;;;;;;;;;0;0
444555999;220-00-03955-14_1;;;;;;91080899949;;91080899949;NL;;;;;;;NLE;N;;LQHMFEA;Ffryvlx;;1991-08-08;Rle Px Ruxtdiy;70;Verviers;;4800;;BE;;;;;;;;;;;;;;;;;0;0
444555999;220-00-03955-14_2;;;;;;86121499983;;86121499983;NL;;;;;;;NLE;N;;EQOHT;Sfvmget;;1986-12-14;Rxg Dl Acqcahp;70;Verviers;;4800;;BE;;;;;;;;;;;;;;;;;0;0
444555999;220-00-03957-16_1;;;;;;90101899933;;90101899933;NL;;;;;;;NLE;N;;HBVDRWB;Bedvq;;1990-10-18;Rre Jujvui;238;Mons-lez-Liège;;4400;;BE;;;;;;;;;;;;;;;;;0;0
444555999;220-00-03957-16_2;;;;;;89040199992;;89040199992;NL;;;;;;;NLE;N;;WFMJXW;Aptéyjwdp;;1989-04-01;Rhl Yetkpl;238;Mons-lez-Liège;;4400;;BE;;;;;;;;;;;;;;;;;0;0
444555999;220-00-03958-17_1;;;;;;80061699949;;80061699949;NL;;;;;;;NLE;N;;MQKGEXD;Sésmxlnsd;;1980-06-16;Rpb Atbct Trm Jwygvpy;33;Cheratte;;4602;;BE;;;;;;;;;;;;;;;;;0;0
444555999;220-00-03958-17_2;;;;;;78012099946;;78012099946;NL;;;;;;;NLE;N;;BYTLUFM;Sysyxa;;1978-01-20;Rqe Pwsiv Sey Auvdohx;33;Cheratte;;4602;;BE;;;;;;;;;;;;;;;;;0;0
444555999;220-00-03960-19_1;;;;;;91112099901;;91112099901;NL;;;;;;;NLE;N;;BGHTIS;Gnqdwwim;;1991-11-20;Ror Rvhârn;127;Grivegnée;;4030;;BE;;;;;;;;;;;;;;;;;0;0
444555999;220-00-03960-19_2;;;;;;94121499957;;94121499957;NL;;;;;;;NLE;N;;DBCNFSWPHN;Kocsafyc;;1994-12-14;Rkb Bfrâvn;127;Grivegnée;;4030;;BE;;;;;;;;;;;;;;;;;0;0
444555999;220-00-03961-20_1;;;;;;80050399944;;80050399944;NL;;;;;;;NLE;N;;FDVGGA;Céccbc;;1980-05-03;Ras Mlywaxmexe;108;Oupeye;;4680;;BE;;;;;;;;;;;;;;;;;0;0
444555999;220-00-03962-21_1;;;;;;87011199920;;87011199920;NL;;;;;;;NLE;N;;JGGAR;Afbqkrd;;1987-01-11;Hfscahqubv;21 A;Kelmis;;4720;;BE;;;;;;;;;;;;;;;;;0;0
444555999;220-00-03962-21_2;;;;;;90041399944;;90041399944;NL;;;;;;;NLE;N;;SNUÖGLPBY;Mhnqglc;;1990-04-13;Hvfjuwvngs;21A;Kelmis;;4720;;BE;;;;;;;;;;;;;;;;;0;0
444555999;220-00-03963-22_1;;;;;;92030799965;;92030799965;NL;;;;;;;NLE;N;;WFWHR;Kdjcb;;1992-03-07;Rna Axwmgkjjv Ihshqe;26;Saint-Nicolas (Lg.);;4420;;BE;;;;;;;;;;;;;;;;;0;0
444555999;220-00-03964-23_1;;;;;;86020199915;;86020199915;NL;;;;;;;NLE;N;;MHNKKAPN;Gttdoco;;1986-02-01;Rmq Wq Iu Mttjsash;41;Herstal;;4040;;BE;;;;;;;;;;;;;;;;;0;0
444555999;220-00-03964-23_2;;;;;;89122199933;;89122199933;NL;;;;;;;NLE;N;;SBBTDAASHF;Lykxihtq;;1989-12-21;Rqy Au Hw Akrwsnys;41;Herstal;;4040;;BE;;;;;;;;;;;;;;;;;0;0
444555999;220-00-03966-25_1;;;;;;83081099915;;83081099915;NL;;;;;;;NLE;N;;VGN NPIMK;Oeoreke;;1983-08-10;Rcl Ycmuewef;13;Stembert;;4801;;BE;;;;;;;;;;;;;;;;;0;0
444555999;220-00-03966-25_2;;;;;;88092299958;;88092299958;NL;;;;;;;NLE;N;;TYPIWFE;Lseedy;;1988-09-22;Rwb  Ourdljvf;13;Stembert;;4801;;BE;;;;;;;;;;;;;;;;;0;0
444555999;220-00-03967-26_1;;;;;;92032299903;;92032299903;NL;;;;;;;NLE;N;;PRDSEDI;Vtxwxov;;1992-03-22;Rwa Xi Rejdmhrtj;62;Kelmis;;4720;;BE;;;;;;;;;;;;;;;;;0;0
444555999;220-00-03967-26_2;;;;;;97121599990;;97121599990;NL;;;;;;;NLE;N;;MUOKXXK;Cdigirnbl;;1997-12-15;Rty By Yittqmfdv;62;Kelmis;;4720;;BE;;;;;;;;;;;;;;;;;0;0
444555999;220-00-03968-27_1;;;;;;84122699969;;84122699969;NL;;;;;;;NLE;N;;DT BWQTF;Mryqvhm;;1984-12-26;Rbj Ysy Xrnjdi;136;Limbourg;;4830;;BE;;;;;;;;;;;;;;;;;0;0
444555999;220-00-03968-27_2;;;;;;92080399926;;92080399926;NL;;;;;;;NLE;N;;PAWVVJY;Sqobg;;1992-08-03;Rwj Duq Lrpuqm;136;Limbourg;;4830;;BE;;;;;;;;;;;;;;;;;0;0
444555999;220-00-03969-28_1;;;;;;67120299944;;67120299944;NL;;;;;;;NLE;N;;VGNDVUHE;Vforqtk;;1967-12-02;Scvurihthijj;58;Eupen;;4700;;BE;;;;;;;;;;;;;;;;;0;0
444555999;220-00-03969-28_2;;;;;;78091999935;;78091999935;NL;;;;;;;NLE;N;;PVYBCFST;Tmqppr;;1978-09-19;Svnouxqvoncu;58;Eupen;;4700;;BE;;;;;;;;;;;;;;;;;0;0
444555999;220-00-03970-29_1;;;;;;93101699959;;93101699959;NL;;;;;;;NLE;N;;GLKDQSBYU;Mtiwqq;;1993-10-16;Fomworydvv;5;Stavelot;;4970;;BE;;;;;;;;;;;;;;;;;0;0
444555999;220-00-03970-29_2;;;;;;96100799904;;96100799904;NL;;;;;;;NLE;N;;DMUKXBG;Atmlybc;;1996-10-07;Fhltfnkwnw;5;Stavelot;;4970;;BE;;;;;;;;;;;;;;;;;0;0
444555999;220-00-03971-30_1;;;;;;92101199991;;92101199991;NL;;;;;;;NLE;N;;LIUKIWE;Qfbrwsf;;1992-10-11;Rue Vxt Usgfbtm;58;Herstal;;4040;;BE;;;;;;;;;;;;;;;;;0;0
444555999;220-00-03971-30_2;;;;;;94100799959;;94100799959;NL;;;;;;;NLE;N;;FHYULLUE;Fqpagrio;;1994-10-07;Rsa Bhy Ttwabwd;58;Herstal;;4040;;BE;;;;;;;;;;;;;;;;;0;0
444555999;220-00-03972-31_1;;;;;;86031999964;;86031999964;NL;;;;;;;NLE;N;;DF RPTLAFVD;Dmcyb;;1986-03-19;Rel Bhjj Fbj Cxylmp;11;Wanze;;4520;;BE;;;;;;;;;;;;;;;;;0;0
444555999;220-00-03972-31_2;;;;;;90032799905;;90032799905;NL;;;;;;;NLE;N;;GVAQHWQQ;Cejhklyy;;1990-03-27;Rbu Veqf Nrj Jkysar;11;Wanze;;4520;;BE;;;;;;;;;;;;;;;;;0;0
444555999;220-00-03973-32_1;;;;;;90052399942;;90052399942;NL;;;;;;;NLE;N;;KVMIB;Cvkanlyfbam;;1990-05-23;Rby Tg Aymts;56;Gemmenich;;4851;;BE;;;;;;;;;;;;;;;;;0;0
444555999;220-00-03973-32_2;;;;;;93110199931;;93110199931;NL;;;;;;;NLE;N;;SRWJPRPSVUHK;Axngtwlk;;1993-11-01;Rjk Fs Cfvvq;56;Gemmenich;;4851;;BE;;;;;;;;;;;;;;;;;0;0
444555999;220-00-03974-33_1;;;;;;91022199905;;91022199905;NL;;;;;;;NLE;N;;REJTAYNHH KAMOYGLBB;Cdhuvi;;1991-02-21;Rrj Od Mhwyvrep;98;Stembert;;4801;;BE;;;;;;;;;;;;;;;;;0;0
444555999;220-00-03974-33_2;;;;;;88050599955;;88050599955;NL;;;;;;;NLE;N;;DC FVHDEUIM ALOBVXD;Mafdgw;;1988-05-05;Rbv Dy Ngqvwyjv;98;Stembert;;4801;;BE;;;;;;;;;;;;;;;;;0;0
444555999;220-00-03975-34_1;;;;;;94111199943;;94111199943;NL;;;;;;;NLE;N;;FIGQ;Ltnu;;1994-11-11;Rir Vy Pciwpft;13;Vielsalm;;6690;;BE;;;;;;;;;;;;;;;;;0;0
444555999;220-00-03975-34_2;;;;;;94111999994;;94111999994;NL;;;;;;;NLE;N;;DYQJTBU;Cfavtgxud;;1994-11-19;Rsh Bn Acnbwrw;13;Vielsalm;;6690;;BE;;;;;;;;;;;;;;;;;0;0
444555999;220-00-03976-35_1;;;;;;78010299904;;78010299904;NL;;;;;;;NLE;N;;SJVKNMH;Dpuop;;1978-01-02;Cgawfd Tc Dnir;8;Stavelot;;4970;;BE;;;;;;;;;;;;;;;;;0;0
444555999;220-00-03976-35_2;;;;;;92081999931;;92081999931;NL;;;;;;;NLE;N;;DDOHHQDRLX;Jeogslqw;;1992-08-19;Csipbk Pp Yohu;8;Stavelot;;4970;;BE;;;;;;;;;;;;;;;;;0;0
444555999;220-00-03978-37_1;;;;;;83070899968;;83070899968;NL;;;;;;;NLE;N;;OEN LNWMLCLCN;Zdfyir;;1983-07-08;Rhc Oqhsgc;6;Verviers;;4800;;BE;;;;;;;;;;;;;;;;;0;0
444555999;220-00-03978-37_2;;;;;;90071999979;;90071999979;NL;;;;;;;NLE;N;;KWXRLJFSDRK YDFAQX;X-;;1990-07-19;Rpg Hcrlmq;6;Verviers;;4800;;BE;;;;;;;;;;;;;;;;;0;0
444555999;220-00-03979-38_1;;;;;;84010399903;;84010399903;NL;;;;;;;NLE;N;;LNDDIRI;Bvncogk;;1984-01-03;Rfb Yn Je Dvijoddwté;33;Liège;;4000;;BE;;;;;;;;;;;;;;;;;0;0
444555999;220-00-03979-38_2;;;;;;85120299934;;85120299934;NL;;;;;;;NLE;N;;RPEBYVTI;Aagaql;;1985-12-02;Rfq Qg Du Gswfredkeé;33;Liège;;4000;;BE;;;;;;;;;;;;;;;;;0;0
444555999;220-00-03980-39_1;;;;;;91070599935;;91070599935;NL;;;;;;;NLE;N;;MDDPONM;Klggj;;1991-07-05;Rbk Eh Cr Togqcfèqb;109;Flémalle;;4400;;BE;;;;;;;;;;;;;;;;;0;0
444555999;220-00-03980-39_2;;;;;;93031599940;;93031599940;NL;;;;;;;NLE;N;;TIHIPKTIW;Bscblnvs;;1993-03-15;Rfw Wh Ho Mihhyoègk;109;Flémalle;;4400;;BE;;;;;;;;;;;;;;;;;0;0
444555999;220-00-03981-40_1;;;;;;91020499930;;91020499930;NL;;;;;;;NLE;N;;HRUMK;Muxpe;;1991-02-04;Rux Crxbv;6;Eupen;;4700;;BE;;;;;;;;;;;;;;;;;0;0
444555999;220-00-03981-40_2;;;;;;89041099916;;89041099916;NL;;;;;;;NLE;N;;GKAIHME;Jwtfhnbo;;1989-04-10;Rup Cxmgh;6;Eupen;;4700;;BE;;;;;;;;;;;;;;;;;0;0
444555999;220-00-03982-41_1;;;;;;91052899910;;91052899910;NL;;;;;;;NLE;N;;PUPWVAE;Séxdxkekk;;1991-05-28;Rkx Pkxhlhirg;55;Milmort;;4041;;BE;;;;;;;;;;;;;;;;;0;0
444555999;220-00-03983-42_1;;;;;;92011299995;;92011299995;NL;;;;;;;NLE;N;;RFUIK;Dlwem;;1992-01-12;Rix Ksufyx Ivmujsu;39;Pépinster;;4860;;BE;;;;;;;;;;;;;;;;;0;0
444555999;220-00-03983-42_2;;;;;;94100799959;;94100799959;NL;;;;;;;NLE;N;;KUKXBXG;Bexkon;;1994-10-07;Rel Poeqqy Dfldyhu;39;Pépinster;;4860;;BE;;;;;;;;;;;;;;;;;0;0
444555999;220-00-03984-43_1;;;;;;89080599997;;89080599997;NL;;;;;;;NLE;N;;HEOVOWFT;Jéuéud;;1989-08-05;Rob Evxpuxev Rqbprjj;24;Beyne-Heusay;;4610;;BE;;;;;;;;;;;;;;;;;0;0
444555999;220-00-03984-43_2;;;;;;89052999935;;89052999935;NL;;;;;;;NLE;N;;RCAPDYF;Stéawqggi;;1989-05-29;Rww Ayjmjcku Aeohhsy;24;Beyne-Heusay;;4610;;BE;;;;;;;;;;;;;;;;;0;0
444555999;220-00-03985-44_1;;;;;;98101699967;;98101699967;NL;;;;;;;NLE;N;;HMNEEVW;Mkujslw;;1998-10-16;Aljtib Uf Qd Rnqb;130;Trois-Ponts;;4980;;BE;;;;;;;;;;;;;;;;;0;0
444555999;220-00-03986-45_1;;;;;;93040799993;;93040799993;NL;;;;;;;NLE;N;;PLLPNVS OPACVQ;Arhe;;1993-04-07;Rec Dv Mq Udsrbwj;47;Corswarem;;4257;;BE;;;;;;;;;;;;;;;;;0;0
444555999;220-00-03986-45_2;;;;;;93041499977;;93041499977;NL;;;;;;;NLE;N;;DRJYGVT;Jtjkbsvf;;1993-04-14;Rbn Eb Rq Xqraepx;47;Corswarem;;4257;;BE;;;;;;;;;;;;;;;;;0;0
444555999;220-00-03987-46_1;;;;;;95032199996;;95032199996;NL;;;;;;;NLE;N;;EMCDMBLS;Pdousaaabv;;1995-03-21;Rwqgg D'xurmp;9;Bevercé;;4960;;BE;;;;;;;;;;;;;;;;;0;0
444555999;220-00-03988-47_1;;;;;;89031899960;;89031899960;NL;;;;;;;NLE;N;;DLERTE;Lfïf;;1989-03-18;Rux Taogxv;47;Verviers;;4800;;BE;;;;;;;;;;;;;;;;;0;0
444555999;220-00-03988-47_2;;;;;;94102699971;;94102699971;NL;;;;;;;NLE;N;;GFARKBHKI;Mdwkuf;;1994-10-26;Rsl Rfunhy;47;Verviers;;4800;;BE;;;;;;;;;;;;;;;;;0;0
444555999;220-00-03989-48_1;;;;;;93111499929;;93111499929;NL;;;;;;;NLE;N;;FCBUHVJHL;Alranyovj;;1993-11-14;Rtf Lkpegnh Senlr Gygkaoiw;7;Vaux-et-Borset;;4530;;BE;;;;;;;;;;;;;;;;;0;0
444555999;220-00-03989-48_2;;;;;;98051299955;;98051299955;NL;;;;;;;NLE;N;;MTCEIWW;Kjs;;1998-05-12;Rtq Otcytlb Gcsfr Dolovpgi;7;Vaux-et-Borset;;4530;;BE;;;;;;;;;;;;;;;;;0;0
444555999;220-00-03990-49_1;;;;;;89013099974;;89013099974;NL;;;;;;;NLE;N;;LOYMT;Lnhvr;;1989-01-30;Ryy Ns Lr. Kkdd;23-Jan;Malmedy;;4960;;BE;;;;;;;;;;;;;;;;;0;0
444555999;220-00-03990-49_2;;;;;;88072899958;;88072899958;NL;;;;;;;NLE;N;;HQBLNR;Siédfmge;;1988-07-28;Ryi Od Qo. Ecmt;23-Jan;Malmedy;;4960;;BE;;;;;;;;;;;;;;;;;0;0
444555999;220-00-03991-50_1;;;;;;94031599961;;94031599961;NL;;;;;;;NLE;N;;MEPEBW;Cséimlaxus;;1994-03-15;Rmc Utb Xoydpii;10;Malmedy;;4960;;BE;;;;;;;;;;;;;;;;;0;0
444555999;220-00-03992-51_1;;;;;;90091099972;;90091099972;NL;;;;;;;NLE;N;;DBYUC;Nmpwqaj;;1990-09-10;Rrq Jdg Ugeltt-omxahw;88;Saint-Nicolas (Lg);;4420;;BE;;;;;;;;;;;;;;;;;0;0
444555999;220-00-03993-52_1;;;;;;91032599986;;91032599986;NL;;;;;;;NLE;N;;RYGROC;Bqtdv;;1991-03-25;Akbgtf Oq Pv Ttmn;18;Trois-Ponts;;4980;;BE;;;;;;;;;;;;;;;;;0;0
444555999;220-00-03993-52_2;;;;;;78041599923;;78041599923;NL;;;;;;;NLE;N;;MECFMC AQKGKYL;Ndvrdmh;;1978-04-15;Aslyfm Pr Co Giuq;18;Trois-Ponts;;4980;;BE;;;;;;;;;;;;;;;;;0;0
444555999;220-00-03994-53_1;;;;;;64072499962;;64072499962;NL;;;;;;;NLE;N;;BWLHYBNN;Mwiku-mtédèeb;;1964-07-24;Rmd Uwdqgèob Pl Kqpxvk;6;Visé;;4600;;BE;;;;;;;;;;;;;;;;;0;0
444555999;220-00-03994-53_2;;;;;;68010199918;;68010199918;FR;;;;;;;NLE;N;;CKHVSP;Dtydoc Csoexht;;1968-01-01;Ruf Ankmgèhn Qj Dqvvik;6;Visé;;4600;;BE;;;;;;;;;;;;;;;;;0;0
444555999;220-00-03995-54_1;;;;;;96031699973;;96031699973;FR;;;;;;;NLE;N;;DDSQKTPV;Dxrmd;;1996-03-16;Ajfqdo Vhuytm Fshpq;192;Limbourg;;4830;;BE;;;;;;;;;;;;;;;;;0;0
444555999;220-00-03995-54_2;;;;;;95021499908;;95021499908;FR;;;;;;;NLE;N;;MACMC;Mpeey;;1995-02-14;Awawas Vaqicv Makkj;192;Limbourg;;4830;;BE;;;;;;;;;;;;;;;;;0;0
444555999;220-00-03996-55_1;;;;;;91042399956;;91042399956;FR;;;;;;;NLE;N;;WMIMXIN;Jqrscj;;1991-04-23;Rme Xwu Embctl;55;Trois-Ponts;;4980;;BE;;;;;;;;;;;;;;;;;0;0
444555999;220-00-03997-56_1;;;;;;90040799930;;90040799930;FR;;;;;;;NLE;N;;MERYOFH;Séigxavih;;1990-04-07;Rdb Scgmp-eslo;165;Welkenraedt;;4840;;BE;;;;;;;;;;;;;;;;;0;0
444555999;220-00-03998-57_1;;;;;;92072699908;;92072699908;FR;;;;;;;NLE;N;;BUOVKKRQ;Lvvne;;1992-07-26;Rea Jnoo Lnyjxd;8;Stavelot;;4970;;BE;;;;;;;;;;;;;;;;;0;0
444555999;220-00-03999-58_1;;;;;;78070999930;;78070999930;FR;;;;;;;NLE;N;;TONAVTV;Féaem;;1978-07-09;Rte Oetw Qgxnccmf;32;Ougrée;;4102;;BE;;;;;;;;;;;;;;;;;0;0
444555999;220-00-04000-59_1;;;;;;62071299989;;62071299989;FR;;;;;;;NLE;N;;VWO HBQ RCLIACAQY;Ehif;;1962-07-12;Rtt Xsrhp Cjéuècd;4;Faymonville;;4950;;BE;;;;;;;;;;;;;;;;;0;0
444555999;220-00-04001-60_1;;;;;;87052899923;;87052899923;FR;;;;;;;NLE;N;;ARSTANQ;Jvliy;;1987-05-28;Cusmyb Cx Iêvy;25;Malmedy;;4960;;BE;;;;;;;;;;;;;;;;;0;0
444555999;220-00-04001-60_2;;;;;;90052199905;;90052199905;FR;;;;;;;NLE;N;;SWVDW;Sdoily;;1990-05-21;Cbeqkw Vs Kêux;25;Malmedy;;4960;;BE;;;;;;;;;;;;;;;;;0;0
444555999;220-00-04002-61_1;;;;;;96020999982;;96020999982;FR;;;;;;;NLE;N;;CLCUDRR;Jqlksx;;1996-02-09;Ptlt Yhb Ghqlx Nllfbxèvys;171;Gemmenich;;4851;;BE;;;;;;;;;;;;;;;;;0;0
444555999;220-00-04003-62_1;;;;;;80100399979;;80100399979;FR;;;;;;;NLE;N;;HOPWLPH;Bxrxgt;;1980-10-03;Apgtys Gev Uqvennof;26;Spa;;4900;;BE;;;;;;;;;;;;;;;;;0;0
444555999;220-00-04003-62_2;;;;;;82041299903;;82041299903;FR;;;;;;;NLE;N;;MUUDTWWA;Jmsgrbl;;1982-04-12;Anqnvt Rql Vgoaydvt;26;Spa;;4900;;BE;;;;;;;;;;;;;;;;;0;0
444555999;220-00-04004-63_1;;;;;;66112899912;;66112899912;FR;;;;;;;NLE;N;;FBMU SL;Haplfi;;1966-11-28;Rth Iwxy-gbtnbw Wbackb;28;Bressoux;;4020;;BE;;;;;;;;;;;;;;;;;0;0
444555999;220-00-04004-63_2;;;;;;72100999922;;72100999922;FR;;;;;;;NLE;N;;MITRD;Sgnic;;1972-10-09;Rvif Cbdf-owjejp Enatem;28;Bressoux;;4020;;BE;;;;;;;;;;;;;;;;;0;0
444555999;220-00-04005-64_1;;;;;;86011199996;;86011199996;FR;;;;;;;NLE;N;;SDTOUC;Tasdmq;;1986-01-11;Cqlé Xakbib Djyykoe;9;Dison;;4820;;BE;;;;;;;;;;;;;;;;;0;0
444555999;220-00-04005-64_2;;;;;;82061599924;;82061599924;FR;;;;;;;NLE;N;;LLFGQHU;Vbknbppm;;1982-06-15;Ckyé Wyyuji Mfssgvx;9;Dison;;4820;;BE;;;;;;;;;;;;;;;;;0;0
444555999;220-00-04006-65_1;;;;;;79111699963;;79111699963;FR;;;;;;;NLE;N;;FPPELLPV;Mnqyjëv;;1979-11-16;Rjb Eq Hxavjnes;185;Andrimont;;4821;;BE;;;;;;;;;;;;;;;;;0;0
444555999;220-00-04006-65_2;;;;;;98012499955;;98012499955;FR;;;;;;;NLE;N;;DVX XCEXRT;Mbmiv;;1998-01-24;Rjy Fb Mlosypaj;185;Andrimont;;4821;;BE;;;;;;;;;;;;;;;;;0;0
444555999;220-00-04007-66_1;;;;;;93113099934;;93113099934;FR;;;;;;;NLE;N;;WPHRLII;Mmëny;;1993-11-30;Rif Mk Setmfyvév;36;Jemeppe-Sur-Meuse;;4101;;BE;;;;;;;;;;;;;;;;;0;0
444555999;220-00-04008-67_1;;;;;;89071999958;;89071999958;FR;;;;;;;NLE;N;;HBSMRTI;Mcjulh;;1989-07-19;Pmwxr Ox Heurav;13;Stavelot;;4970;;BE;;;;;;;;;;;;;;;;;0;0
444555999;220-00-04009-68_1;;;;;;99071099953;;99071099953;FR;;;;;;;NLE;N;;BYSCOX;Ardëusg;;1999-07-10;Rki Vsqc-nyaccvwh Le Cqttcwdo;40;Spa;;4900;;BE;;;;;;;;;;;;;;;;;0;0
444555999;220-00-04009-68_2;;;;;;99072599988;;99072599988;FR;;;;;;;NLE;N;;OSDADLFY;Ljoar;;1999-07-25;Rrb Huya-uoevtrog Ht Bqxgbmjg;40;Spa;;4900;;BE;;;;;;;;;;;;;;;;;0;0
444555999;220-00-04010-69_1;;;;;;92011199928;;92011199928;FR;;;;;;;NLE;N;;MLEMICAO;Llabmll;;1992-01-11;Rtn Sl Vdlrqvqp;292;Gemmenich;;4851;;BE;;;;;;;;;;;;;;;;;0;0
444555999;220-00-04011-70_1;;;;;;71071199917;;71071199917;FR;;;;;;;NLE;N;;DTKQBH;Pngofqg;;1971-07-11;Rft Hr Xvqgsajf;11;Sourbrodt;;4950;;BE;;;;;;;;;;;;;;;;;0;0
444555999;220-00-04012-71_1;;;;;;94061399945;;94061399945;FR;;;;;;;NLE;N;;DNVFOUU;Mcrrpsupg;;1994-06-13;Rbg Sdwlxvsct;117;Grâce-Hollogne;;4460;;BE;;;;;;;;;;;;;;;;;0;0
444555999;220-00-04013-72_1;;;;;;92020399981;;92020399981;FR;;;;;;;NLE;N;;TOGJXFUE;Lgït;;1992-02-03;Rav Cca Swwccmdq;76;Flémalle-Grande;;4400;;BE;;;;;;;;;;;;;;;;;0;0
444555999;220-00-04013-72_2;;;;;;86030899906;;86030899906;FR;;;;;;;NLE;N;;DNXGUVV;Mcplw-hpéwwiaa;;1986-03-08;Rsa Mwe Xgsyjelt;76;Flémalle-Grande;;4400;;BE;;;;;;;;;;;;;;;;;0;0
444555999;220-00-04014-73_1;;;;;;80031499988;;80031499988;FR;;;;;;;NLE;N;;SDKQX;Cvqiewmh;;1980-03-14;Riq Ldpqa-tvapuw;235;Herstal;;4040;;BE;;;;;;;;;;;;;;;;;0;0
444555999;220-00-04014-73_2;;;;;;88081499997;;88081499997;FR;;;;;;;NLE;N;;NETE UTOFK;Cuncekdg;;1988-08-14;Rxs Owcgv-thtsor;235;Herstal;;4040;;BE;;;;;;;;;;;;;;;;;0;0
444555999;220-00-04015-74_1;;;;;;90082599903;;90082599903;FR;;;;;;;NLE;N;;MLXMTLC;Lxvvbyx;;1990-08-25;Rrb Tnv Sdpqmb;65;Limbourg;;4830;;BE;;;;;;;;;;;;;;;;;0;0
444555999;220-00-04015-74_2;;;;;;98122799942;;98122799942;FR;;;;;;;NLE;N;;DTKXRPH;Muojmv;;1998-12-27;Rok Uku Jvtjbw;65;Limbourg;;4830;;BE;;;;;;;;;;;;;;;;;0;0
444555999;220-00-04016-75_1;;;;;;92021499942;;92021499942;FR;;;;;;;NLE;N;;DA EGNRB;Cnlvbafokhy;;1992-02-14;Rga Gsfxsnfgbq;48;Seraing;;4100;;BE;;;;;;;;;;;;;;;;;0;0
444555999;220-00-04016-75_2;;;;;;94020999940;;94020999940;FR;;;;;;;NLE;N;;FJWIEFPD;Mgypm;;1994-02-09;Rbn Nhgwfklbv;48;Seraing;;4100;;BE;;;;;;;;;;;;;;;;;0;0
444555999;220-00-04017-76_1;;;;;;96120399941;;96120399941;FR;;;;;;;NLE;N;;LJISFHV;Gmëmsl;;1996-12-03;Rmm Ejuhdm;12;Spa;;4900;;BE;;;;;;;;;;;;;;;;;0;0
444555999;220-00-04017-76_2;;;;;;98071899983;;98071899983;FR;;;;;;;NLE;N;;MDXADTHG;Eqc;;1998-07-18;Rhv Lomwbr;12;Spa;;4900;;BE;;;;;;;;;;;;;;;;;0;0
444555999;220-00-04018-77_1;;;;;;94122399978;;94122399978;FR;;;;;;;NLE;N;;PDEBLO;Bruvo;;1994-12-23;Cvtxhgée Ps Npadrag;624;Rocourt;;4000;;BE;;;;;;;;;;;;;;;;;0;0
444555999;220-00-04019-78_1;;;;;;92011299995;;92011299995;FR;;;;;;;NLE;N;;DWPXEJT;Egchge;;1992-01-12;Wrxk;198;Waimes;;4950;;BE;;;;;;;;;;;;;;;;;0;0
444555999;220-00-04020-79_1;;;;;;76091199939;;76091199939;FR;;;;;;;NLE;N;;FSDTI;Fxbtldv;;1976-09-11;Cavfft La Ldâfnfw;9;Stavelot;;4970;;BE;;;;;;;;;;;;;;;;;0;0
444555999;220-00-04020-79_2;;;;;;74032999994;;74032999994;FR;;;;;;;NLE;N;;LRVXIXI;Sranyd;;1974-03-29;Cwjpmh Do Enâljxs;9;Stavelot;;4970;;BE;;;;;;;;;;;;;;;;;0;0
444555999;220-00-04021-80_1;;;;;;89060399946;;89060399946;FR;;;;;;;NLE;N;;BQSQGOUMTI;Alehc;;1989-06-03;Rgd Ce Bakpcka;90;Boirs;;4690;;BE;;;;;;;;;;;;;;;;;0;0
444555999;220-00-04021-80_2;;;;;;92022399963;;92022399963;FR;;;;;;;NLE;N;;LXUDBH;Acmyeyg;;1992-02-23;Rvv Bw Hoqwkkt;90;Boirs;;4690;;BE;;;;;;;;;;;;;;;;;0;0
444555999;220-00-04022-81_1;;;;;;90110156324;;90110156324;FR;;;;;;;NLE;N;;SSUMXH CYWWLPB;Ffwrfm;;2000-11-23;Prkyj Vd Q'yxxire;13;Soumagne;;4630;;BE;;;;;;;;;;;;;;;;;0;0
444555999;220-00-04022-81_2;;;;;;94092799934;;94092799934;FR;;;;;;;NLE;N;;HC AWK;Cdxawtf;;1994-09-27;Paxyy Kj G'erfoyg;13;Soumagne;;4630;;BE;;;;;;;;;;;;;;;;;0;0
444555999;220-00-04023-82_1;;;;;;97062599939;;97062599939;FR;;;;;;;NLE;N;;BVONCCSJ;Aekmfty;;1997-06-25;Lk Igiglk;54;La Gleize;;4987;;BE;;;;;;;;;;;;;;;;;0;0
444555999;220-00-04023-82_2;;;;;;97060499987;;97060499987;FR;;;;;;;NLE;N;;DWKEIO;Mwyge-eurwkcsdi;;1997-06-04;La Ewvaco;54;La Gleize;;4987;;BE;;;;;;;;;;;;;;;;;0;0
444555999;220-00-04024-83_1;;;;;;80062599970;;80062599970;FR;;;;;;;NLE;N;;HYVJM;Vtgéwtd;;1980-06-25;Raq D.u. Xrsn;3;Welkenraedt;;4840;;BE;;;;;;;;;;;;;;;;;0;0
444555999;220-00-04025-84_1;;;;;;91032799926;;91032799926;FR;;;;;;;NLE;N;;BYAPSLDN;Jlgjyv;;1991-03-27;Rbi Hrgmo;103;Plombières;;4850;;BE;;;;;;;;;;;;;;;;;0;0
444555999;220-00-04026-85_1;;;;;;95050399968;;95050399968;FR;;;;;;;NLE;N;;FCMVRFS;Eodkg;;1995-05-03;Rww Dw Mg Hsidafy;221;Seraing;;4100;;BE;;;;;;;;;;;;;;;;;0;0
444555999;220-00-04027-86_1;;;;;;92040299928;;92040299928;FR;;;;;;;NLE;N;;VGRLIERLGN;Drqjb;;1992-04-02;Pguauerf;90;Membach;;4837;;BE;;;;;;;;;;;;;;;;;0;0
444555999;220-00-04028-87_1;;;;;;92070199979;;92070199979;FR;;;;;;;NLE;N;;AJPWJ;Jjspe;;1992-07-01;Rym Iemns-rkde;15;Montzen;;4850;;BE;;;;;;;;;;;;;;;;;0;0
444555999;220-00-04028-87_2;;;;;;94011799984;;94011799984;FR;;;;;;;NLE;N;;FWKLIOWCRG;Eofng;;1994-01-17;Raf Dhquo-cuim;15;Montzen;;4850;;BE;;;;;;;;;;;;;;;;;0;0
444555999;220-00-04029-88_1;;;;;;97042899932;;97042899932;FR;;;;;;;NLE;N;;SWFKNTAJB;Célssj;;1997-04-28;Rus Jfnrnd Eoknwq;21;Herstal;;4040;;BE;;;;;;;;;;;;;;;;;0;0
444555999;220-00-04029-88_2;;;;;;96052099964;;96052099964;FR;;;;;;;NLE;N;;LROPMKS;Mmaclèwq;;1996-05-20;Ryq Ce Ydyafye;4;Braives;;4260;;BE;;;;;;;;;;;;;;;;;0;0
444555999;220-00-04030-89_1;;;;;;90010599969;;90010599969;FR;;;;;;;NLE;N;;WGML;Awléoom;;1990-01-05;Rhm Oa Fi Enovvemv;40;Seraing;;4100;;BE;;;;;;;;;;;;;;;;;0;0
444555999;220-00-04031-90_1;;;;;;94091799943;;94091799943;FR;;;;;;;NLE;N;;PQWHQLGSE;Vyvwdkyk;;1994-09-17;Ahveid Tnlclm Lrpkg;112;Limbourg;;4830;;BE;;;;;;;;;;;;;;;;;0;0
444555999;220-00-04031-90_2;;;;;;94092399957;;94092399957;FR;;;;;;;NLE;N;;NHHYI;Nkéfpl;;1994-09-23;Akcolo Vcfkjo Ltyhw;112;Limbourg;;4830;;BE;;;;;;;;;;;;;;;;;0;0
444555999;220-00-04032-91_1;;;;;;90061899905;;90061899905;FR;;;;;;;NLE;N;;ROIAJNGH;Aefyloq;;1990-06-18;Ruv Xd Te Ceodk;61;Retinne;;4621;;BE;;;;;;;;;;;;;;;;;0;0
444555999;220-00-04032-91_2;;;;;;94081699966;;94081699966;FR;;;;;;;NLE;N;;MPEAGIG;Mttme;;1994-08-16;Rgg Cs Wo Admjy;61;Retinne;;4621;;BE;;;;;;;;;;;;;;;;;0;0
444555999;220-00-04033-92_1;;;;;;73063099964;;73063099964;FR;;;;;;;NLE;N;;PWLLJHPGA;Njfpnnyt;;1973-06-30;Rei Ra E'rbbnxk;18;Goé;;4834;;BE;;;;;;;;;;;;;;;;;0;0
444555999;220-00-04034-93_1;;;;;;95033099920;;95033099920;FR;;;;;;;NLE;N;;BXOATP;Gsakrw;;1995-03-30;Ryekjo Osyqay;17;Liège;;4000;;BE;;;;;;;;;;;;;;;;;0;0
444555999;220-00-04034-93_2;;;;;;95091999904;;95091999904;FR;;;;;;;NLE;N;;SLCNQEX;Lswu;;1995-09-19;Ryjbcs Tprhvb;17;Liège;;4000;;BE;;;;;;;;;;;;;;;;;0;0
444555999;220-00-04035-94_1;;;;;;90050799937;;90050799937;FR;;;;;;;NLE;N;;DUTURGG;Zikyskbfc;;1990-05-07;Rvd Dv Foeo;2;Grivegnée;;4030;;BE;;;;;;;;;;;;;;;;;0;0
444555999;220-00-04035-94_2;;;;;;89050399939;;89050399939;FR;;;;;;;NLE;N;;BHWEQQ;Msvusjms;;1989-05-03;Rep Gm Ytwf;2;Grivegnée;;4030;;BE;;;;;;;;;;;;;;;;;0;0
444555999;220-00-04036-95_1;;;;;;91061899926;;91061899926;FR;;;;;;;NLE;N;;DUNAGWI;Ldxk;;1991-06-18;Hiirm Ndxéa;7;Stavelot;;4970;;BE;;;;;;;;;;;;;;;;;0;0
444555999;220-00-04037-96_1;;;;;;97090299971;;97090299971;FR;;;;;;;NLE;N;;BTT;Lcaawdn;;1997-09-02;Ryo Pxqpbi Psc Xhokth Yjqktba;76;Malmedy;;4960;;BE;;;;;;;;;;;;;;;;;0;0
444555999;220-00-04037-96_2;;;;;;98090699969;;98090699969;FR;;;;;;;NLE;N;;KOKHXSUS;Msfch;;1998-09-06;Rty Tptisk Ipl Fjpnrc Cjhwskg;76;Malmedy;;4960;;BE;;;;;;;;;;;;;;;;;0;0
444555999;220-00-04038-97_1;;;;;;97111799923;;97111799923;FR;;;;;;;NLE;N;;APGBKRB;Kbssm;;1997-11-17;Rbiqk Jmrcveduksp;174;Henri-Chapelle;;4841;;BE;;;;;;;;;;;;;;;;;0;0
444555999;220-00-04039-01_1;;;;;;92091099917;;92091099917;FR;;;;;;;NLE;N;;GRTED;Biulyw;;1992-09-10;Rfv Yqp Voflqywvp;52;Chênée;;4032;;BE;;;;;;;;;;;;;;;;;0;0
444555999;220-00-04039-01_2;;;;;;91072499947;;91072499947;FR;;;;;;;NLE;N;;VSPPRUJED;Cqxmtmuukm;;1991-07-24;Rtl Wej Ayufjyfwn;52;Chênée;;4032;;BE;;;;;;;;;;;;;;;;;0;0
444555999;220-00-04040-02_1;;;;;;91021399951;;91021399951;FR;;;;;;;NLE;N;;Pxqwr;Mjxtypp;;1991-02-13;Clfthlkbn;19;Waimes;;4950;;BE;;;;;;;;;;;;;;;;;0;0
444555999;220-00-04040-02_2;;;;;;89072999949;;89072999949;FR;;;;;;;NLE;N;;Ckuoci;Akxéogsss;;1989-07-29;Ccrfmbtpr;19;Waimes;;4950;;BE;;;;;;;;;;;;;;;;;0;0
444555999;220-00-04041-03_1;;;;;;90070999988;;90070999988;FR;;;;;;;NLE;N;;BAUPQEXL;Tidgrq;;1990-07-09;Run Fqéuegf Lxisphdn;10;Malmedy;;4960;;BE;;;;;;;;;;;;;;;;;0;0
444555999;220-00-04041-03_2;;;;;;90122499961;;90122499961;FR;;;;;;;NLE;N;;LOWDT;Cnnrvllm;;1990-12-24;Rij Ybécswk Lskvntxo;10;Malmedy;;4960;;BE;;;;;;;;;;;;;;;;;0;0
444555999;220-00-04042-04_1;;;;;;77102799972;;77102799972;FR;;;;;;;NLE;N;;Bhrhveo;Puxg-yiwntox;;1977-10-27;Rlg Fc Prt;19;Basse-Bodeux;;4983;;BE;;;;;;;;;;;;;;;;;0;0
444555999;220-00-04042-04_2;;;;;;78102999933;;78102999933;FR;;;;;;;NLE;N;;Euoqkr;Slésmmwwe;;1978-10-29;Ryw Td Oqh;19;Basse-Bodeux;;4983;;BE;;;;;;;;;;;;;;;;;0;0
444555999;220-00-04043-05_1;;;;;;88072599951;;88072599951;FR;;;;;;;NLE;N;;DWYMLDVO UCSWLGLNO;Coscxhd;;1988-07-25;Rny Cnw Vonbbtj;122;Alleur;;4432;;BE;;;;;;;;;;;;;;;;;0;0
444555999;220-00-04044-06_1;;;;;;81071199933;;81071199933;FR;;;;;;;NLE;N;;JXDGW;Euhcvjgc;;1981-07-11;Rps Nr Ivu;2;Sougné-Remouchamps;;4920;;BE;;;;;;;;;;;;;;;;;0;0
444555999;220-00-04044-06_2;;;;;;76020699943;;76020699943;FR;;;;;;;NLE;N;;CORIGEDDYON;Npppfyno;;1976-02-06;Rmh Hr Lov;2;Sougné-Remouchamps;;4920;;BE;;;;;;;;;;;;;;;;;0;0
444555999;220-00-04045-07_1;;;;;;90040499923;;90040499923;FR;;;;;;;NLE;N;;BDPBU;Jukkfm;;1990-04-04;Raj Qv Caojvg;54;Alleur;;4432;;BE;;;;;;;;;;;;;;;;;0;0
444555999;220-00-04045-07_2;;;;;;93100499931;;93100499931;FR;;;;;;;NLE;N;;SLQAODME;Acluti;;1993-10-04;Rtr Tb Jkhisv;54;Alleur;;4432;;BE;;;;;;;;;;;;;;;;;0;0
444555999;220-00-04046-08_1;;;;;;83121699957;;83121699957;FR;;;;;;;NLE;N;;CLKTPMT;Dfuope-orayox;;1983-12-16;Rvb Fspe Hx Bufaèpt;1;Verlaine;;4537;;BE;;;;;;;;;;;;;;;;;0;0
444555999;220-00-04046-08_2;;;;;;88091499907;;88091499907;FR;;;;;;;NLE;N;;COGLXSD;Aigtfqbrm-gouhv;;1988-09-14;Ryb Nuks Iy Ltyxèks;1;Verlaine;;4537;;BE;;;;;;;;;;;;;;;;;0;0
444555999;220-00-04047-09_1;;;;;;94032999929;;94032999929;FR;;;;;;;NLE;N;;VNH BIU;Curashso;;1994-03-29;Rvx Tpüqd;66;Limbourg;;4830;;BE;;;;;;;;;;;;;;;;;0;0
444555999;220-00-04047-09_2;;;;;;91041899912;;91041899912;FR;;;;;;;NLE;N;;PRYAB BMUT;Jhkxmxg;;1991-04-18;Rac Edürg;66;Limbourg;;4830;;BE;;;;;;;;;;;;;;;;;0;0
444555999;220-00-04048-10_1;;;;;;91072899924;;91072899924;FR;;;;;;;NLE;N;;LAFGWG;Oxxgfrc;;1991-07-28;Pnoqr G'mvvbd;1;Verviers;;4800;;BE;;;;;;;;;;;;;;;;;0;0
444555999;220-00-04049-11_1;;;;;;96040299915;;96040299915;FR;;;;;;;NLE;N;;NSLYILO;Deqys;;1996-04-02;Rnl Tr Rlfdèsc;3;Malmedy;;4960;;BE;;;;;;;;;;;;;;;;;0;0
444555999;220-00-04049-11_2;;;;;;96061499957;;96061499957;FR;;;;;;;NLE;N;;SEDEB;Ménhsuw;;1996-06-14;Rbo Te Djtxèdq;3;Malmedy;;4960;;BE;;;;;;;;;;;;;;;;;0;0
444555999;220-00-04050-12_1;;;;;;98070399948;;98070399948;FR;;;;;;;NLE;N;;GJJVY;Almoovt;;1998-07-03;Riv Cyexixxh;9;Wegnez;;4860;;BE;;;;;;;;;;;;;;;;;0;0
444555999;220-00-04050-12_2;;;;;;97080999948;;97080999948;FR;;;;;;;NLE;N;;DGCVKC;Momycwkh;;1997-08-09;Rtk Uxoegbsa;9;Wegnez;;4860;;BE;;;;;;;;;;;;;;;;;0;0
444555999;220-00-04051-13_1;;;;;;87121799914;;87121799914;FR;;;;;;;NLE;N;;ERMDEEOM;Axiucrns;;1987-12-17;Rbo Ks 4° Fqflxadp;32;Malmedy;;4960;;BE;;;;;;;;;;;;;;;;;0;0
444555999;220-00-04051-13_2;;;;;;91071899933;;91071899933;FR;;;;;;;NLE;N;;SGSMADUN;Cwipk;;1991-07-18;Rxi Ql 2° Hcrxyaxp;32;Malmedy;;4960;;BE;;;;;;;;;;;;;;;;;0;0
444555999;220-00-04052-14_1;;;;;;88040299941;;88040299941;FR;;;;;;;NLE;N;;SAEKN;Rconlëj;;1988-04-02;Rko Ténrf Lh Ucvco;108;Vivegnis;;4683;;BE;;;;;;;;;;;;;;;;;0;0
444555999;220-02-03249-70_1;;;;;;64011699966;;64011699966;FR;;;;;;;NLE;N;;MFWUXEK;Mwytrq H Y T;;1964-01-16;Carvao Qp Smahetbh;69;MALMEDY;;4960;;BE;;;;;;;;;;;;;;;;;0;0
444555999;220-02-03249-70_2;;;;;;62100299922;;62100299922;FR;;;;;;;NLE;N;;JSXLPA;Cphhrra C V V;;1962-10-02;Carvao Qp Smahetbh;69;MALMEDY;;4960;;BE;;;;;;;;;;;;;;;;;0;0
444555999;220-02-03342-66_1;;;;;;71102399966;;71102399966;FR;;;;;;;NLE;N;;FHPSXNRLH VFCLITP;Jffi;;1971-10-23;Rxl Fdm Jôvsdfh;27;VERVIERS;;4800;;BE;;;;;;;;;;;;;;;;;0;0
444555999;220-02-03342-66_2;;;;;;69030899937;;69030899937;FR;;;;;;;NLE;N;;NCGR;Gkëxab;;1969-03-08;Rvq Aak Vômgpyc;27;VERVIERS;;4800;;BE;;;;;;;;;;;;;;;;;0;0
444555999;220-02-03381-08_1;;;;;;75031499980;;75031499980;FR;;;;;;;NLE;N;;BMNIJXE;Ebuq Hvxen G;;1975-03-14;Fycq Rj Xubé;28;BATTICE;;4651;;BE;;;;;;;;;;;;;;;;;0;0
444555999;220-02-03381-08_2;;;;;;78120199914;;78120199914;FR;;;;;;;NLE;N;;LAOQSNERYJQ;Abnooee;;1978-12-01;Fxyi Em Mcié 66;28;BATTICE;;4651;;BE;;;;;;;;;;;;;;;;;0;0
444555999;220-02-03512-42_1;;;;;;55011699971;;55011699971;FR;;;;;;;NLE;N;;JEOEG;Jpmvhxf D C B I;;1955-01-16;Rytgn Qy Pmbs 75;;THIMISTER-CLERM.;;4890;;BE;;;;;;;;;;;;;;;;;0;0
444555999;220-02-03545-75_1;;;;;;71113099957;;71113099957;FR;;;;;;;NLE;N;;JHQGQOYWX;Mtsd;;1971-11-30;Apcajj Pn Hk Tkwv;76;TROIS-PONTS;;4980;;BE;;;;;;;;;;;;;;;;;0;0
444555999;220-02-03546-76_1;;;;;;75011599936;;75011599936;FR;;;;;;;NLE;N;;KCBTFOO;Efrwyjrv;;1975-01-15;Rjw Mc Bv Paguta 80;;MALMEDY;;4960;;BE;;;;;;;;;;;;;;;;;0;0
444555999;220-02-03546-76_2;;;;;;78102699926;;78102699926;FR;;;;;;;NLE;N;;JWNEB;Sioptm;;1978-10-26;Ruf Bi Ar Jaaqkg 52;;MALMEDY;;4960;;BE;;;;;;;;;;;;;;;;;0;0
444555999;220-02-03592-25_1;;;;;;60082399915;;60082399915;FR;;;;;;;NLE;N;;GRIQVFEIF;Mvhrr-pcsbjm X;;1960-08-23;Rve Anrij Lalv 2/6;;DISON;;4820;;BE;;;;;;;;;;;;;;;;;0;0
444555999;220-02-03597-30_1;;;;;;72060399977;;72060399977;FR;;;;;;;NLE;N;;DNNTI;Vpbjngc;;1972-06-03;Rfb Beadog Wx Hksq;25;ANDRIMONT;;4821;;BE;;;;;;;;;;;;;;;;;0;0
444555999;220-02-03597-30_2;;;;;;74072299941;;74072299941;FR;;;;;;;NLE;N;;TRODAWE;Cicthspxld;;1974-07-22;Rxy Vvihyl Rp Iggx;25;ANDRIMONT;;4821;;BE;;;;;;;;;;;;;;;;;0;0
444555999;220-02-03978-23_1;;;;;;83070899968;;83070899968;FR;;;;;;;NLE;N;;OEN LNWMLCLCN;Zdfyir;;1983-07-08;Rkl Aofwpu;6;Verviers;;4800;;BE;;;;;;;;;;;;;;;;;0;0
444555999;220-02-03978-23_2;;;;;;90071999979;;90071999979;FR;;;;;;;NLE;N;;KWXRLJFSDRK YDFAQX;X-;;1990-07-19;Rpx Mnroav;6;Verviers;;4800;;BE;;;;;;;;;;;;;;;;;0;0
444555999;220-02-03984-29_1;;;;;;89080599997;;89080599997;FR;;;;;;;NLE;N;;HEOVOWFT;Jéuéud;;1989-08-05;Rku Vnnfbrxq Tdmepwi;24;Beyne-Heusay;;4610;;BE;;;;;;;;;;;;;;;;;0;0
444555999;220-02-03984-29_2;;;;;;89052999935;;89052999935;FR;;;;;;;NLE;N;;RCAPDYF;Stéawqggi;;1989-05-29;Rnl Ivegiamg Hldnvmp;24;Beyne-Heusay;;4610;;BE;;;;;;;;;;;;;;;;;0;0
444555999;220-02-03989-34_1;;;;;;93111499929;;93111499929;FR;;;;;;;NLE;N;;FCBUHVJHL;Alranyovj;;1993-11-14;Rwh Bvhnlqw Brlux Enrkndsu;7;Vaux-et-Borset;;4530;;BE;;;;;;;;;;;;;;;;;0;0
444555999;220-02-03989-34_2;;;;;;98051299955;;98051299955;FR;;;;;;;NLE;N;;MTCEIWW;Kjs;;1998-05-12;Rpc Pnombmb Dblyf Ayrnwref;7;Baelen (Lg.);;4837;;BE;;;;;;;;;;;;;;;;;0;0
444555999;220-02-03990-35_1;;;;;;89013099974;;89013099974;FR;;;;;;;NLE;N;;LOYMT;Lnhvr;;1989-01-30;Rwh Ln Pi. Xejw;23-Jan;Malmedy;;4960;;BE;;;;;;;;;;;;;;;;;0;0
444555999;220-02-03990-35_2;;;;;;88072899958;;88072899958;FR;;;;;;;NLE;N;;HQBLNR;Siédfmge;;1988-07-28;Rmy Oy Jg. Gaeo;23-Jan;Malmedy;;4960;;BE;;;;;;;;;;;;;;;;;0;0
444555999;220-02-03991-36_1;;;;;;94031599961;;94031599961;FR;;;;;;;NLE;N;;MEPEBW;Cséimlaxus;;1994-03-15;Rhs Aqu Rpxxogu;10;Malmedy;;4960;;BE;;;;;;;;;;;;;;;;;0;0
444555999;220-02-03997-42_1;;;;;;90040799930;;90040799930;FR;;;;;;;NLE;N;;MERYOFH;Séigxavih;;1990-04-07;Rmu Knbtc-bsmp;165;Welkenraedt;;4840;;BE;;;;;;;;;;;;;;;;;0;0
444555999;220-02-04005-50_1;;;;;;86011199996;;86011199996;FR;;;;;;;NLE;N;;SDTOUC;Tasdmq;;1986-01-11;Cjné Dqrewe Rughmgx;9;Dison;;4820;;BE;;;;;;;;;;;;;;;;;0;0
444555999;220-02-04005-50_2;;;;;;82061599924;;82061599924;FR;;;;;;;NLE;N;;LLFGQHU;Vbknbppm;;1982-06-15;Cqté Fbpqab Qtafocp;9;Dison;;4820;;BE;;;;;;;;;;;;;;;;;0;0
444555999;220-02-04008-53_1;;;;;;89071999958;;89071999958;FR;;;;;;;NLE;N;;HBSMRTI;Mcjulh;;1989-07-19;Ppesg Cp Lonfgr;13;Stavelot;;4970;;BE;;;;;;;;;;;;;;;;;0;0
444555999;220-02-04010-55_1;;;;;;92011199928;;92011199928;FR;;;;;;;NLE;N;;MLEMICAO;Llabmll;;1992-01-11;Ruq Cq Bgkpvtyx;292;Gemmenich;;4851;;BE;;;;;;;;;;;;;;;;;0;0
444555999;220-02-04017-62_1;;;;;;96120399941;;96120399941;FR;;;;;;;NLE;N;;LJISFHV;Gmëmsl;;1996-12-03;Rtv Esesim;12;Spa;;4900;;BE;;;;;;;;;;;;;;;;;0;0
444555999;220-02-04017-62_2;;;;;;98071899983;;98071899983;FR;;;;;;;NLE;N;;MDXADTHG;Eqc;;1998-07-18;Rom Nqunof;12;Spa;;4900;;BE;;;;;;;;;;;;;;;;;0;0
444555999;220-02-04020-65_1;;;;;;76091199939;;76091199939;FR;;;;;;;NLE;N;;FSDTI;Fxbtldv;;1976-09-11;Cuscfo Fr Hhâafcr;9;Stavelot;;4970;;BE;;;;;;;;;;;;;;;;;0;0
444555999;220-02-04020-65_2;;;;;;74032999994;;74032999994;FR;;;;;;;NLE;N;;LRVXIXI;Sranyd;;1974-03-29;Coqvih Sy Smâtpks;9;Stavelot;;4970;;BE;;;;;;;;;;;;;;;;;0;0
444555999;220-02-04022-67_1;;;;;;56021278534;;56021278534;FR;;;;;;;NLE;N;;SSUMXH CYWWLPB;Ffwrfm;;2000-11-23;Plpth Hw S'dicxki;13;Soumagne;;4630;;BE;;;;;;;;;;;;;;;;;0;0
444555999;220-02-04022-67_2;;;;;;94092799934;;94092799934;FR;;;;;;;NLE;N;;HC AWK;Cdxawtf;;1994-09-27;Phkxo Dn S'enavlg;13;Soumagne;;4630;;BE;;;;;;;;;;;;;;;;;0;0
444555999;220-02-04025-70_1;;;;;;91032799926;;91032799926;FR;;;;;;;NLE;N;;BYAPSLDN;Jlgjyv;;1991-03-27;Rvl Tnmjv;103;Plombières;;4850;;BE;;;;;;;;;;;;;;;;;0;0
444555999;220-02-04028-73_1;;;;;;92070199979;;92070199979;FR;;;;;;;NLE;N;;AJPWJ;Jjspe;;1992-07-01;Rfg Aaikb-txgy;15;Montzen;;4850;;BE;;;;;;;;;;;;;;;;;0;0
444555999;220-02-04028-73_2;;;;;;94011799984;;94011799984;FR;;;;;;;NLE;N;;FWKLIOWCRG;Eofng;;1994-01-17;Rra Tevji-cerq;15;Montzen;;4850;;BE;;;;;;;;;;;;;;;;;0;0
444555999;220-02-04029-74_1;;;;;;97042899932;;97042899932;FR;;;;;;;NLE;N;;SWFKNTAJB;Célssj;;1997-04-28;Rsu Adsbyp Mgdnfj;21;Herstal;;4040;;BE;;;;;;;;;;;;;;;;;0;0
444555999;220-02-04029-74_2;;;;;;96052099964;;96052099964;FR;;;;;;;NLE;N;;LROPMKS;Mmaclèwq;;1996-05-20;Rwu Bb Nrlkvoo;4;Braives;;4260;;BE;;;;;;;;;;;;;;;;;0;0
444555999;220-02-04031-76_1;;;;;;94091799943;;94091799943;FR;;;;;;;NLE;N;;PQWHQLGSE;Vyvwdkyk;;1994-09-17;Ajyyeq Lqlapd Npxgl;112;Limbourg;;4830;;BE;;;;;;;;;;;;;;;;;0;0
444555999;220-02-04031-76_2;;;;;;94092399957;;94092399957;FR;;;;;;;NLE;N;;NHHYI;Nkéfpl;;1994-09-23;Ayswcg Anesfm Ikptl;112;Limbourg;;4830;;BE;;;;;;;;;;;;;;;;;0;0
444555999;220-02-04033-78_1;;;;;;73063099964;;73063099964;FR;;;;;;;NLE;N;;PWLLJHPGA;Njfpnnyt;;1973-06-30;Rjm Ah F'dbywyw;18;Goé;;4834;;BE;;;;;;;;;;;;;;;;;0;0
444555999;220-02-04034-79_1;;;;;;95033099920;;95033099920;FR;;;;;;;NLE;N;;BXOATP;Gsakrw;;1995-03-30;Rlaaio Ngvdix;17;Liège;;4000;;BE;;;;;;;;;;;;;;;;;0;0
444555999;220-02-04034-79_2;;;;;;95091999904;;95091999904;FR;;;;;;;NLE;N;;SLCNQEX;Lswu;;1995-09-19;Rtbhpb Sldxaf;17;Liège;;4000;;BE;;;;;;;;;;;;;;;;;0;0
444555999;220-02-04035-80_1;;;;;;90050799937;;90050799937;FR;;;;;;;NLE;N;;DUTURGG;Zikyskbfc;;1990-05-07;Rkn Eu Aklr;2;Grivegnée;;4030;;BE;;;;;;;;;;;;;;;;;0;0
444555999;220-02-04035-80_2;;;;;;89050399939;;89050399939;FR;;;;;;;NLE;N;;BHWEQQ;Msvusjms;;1989-05-03;Rsn Km Rtbk;2;Grivegnée;;4030;;BE;;;;;;;;;;;;;;;;;0;0
444555999;220-02-04040-85_1;;;;;;91021399951;;91021399951;FR;;;;;;;NLE;N;;Pxqwr;Mjxtypp;;1991-02-13;Cqnrmacre;19;Waimes;;4950;;BE;;;;;;;;;;;;;;;;;0;0
444555999;220-02-04040-85_2;;;;;;89072999949;;89072999949;FR;;;;;;;NLE;N;;Ckuoci;Akxéogsss;;1989-07-29;Cvtdaxvgj;19;Waimes;;4950;;BE;;;;;;;;;;;;;;;;;0;0
444555999;220-02-04041-86_1;;;;;;90070999988;;90070999988;FR;;;;;;;NLE;N;;BAUPQEXL;Tidgrq;;1990-07-09;Rfo Mméfqiq Efevwvek;10;Malmedy;;4960;;BE;;;;;;;;;;;;;;;;;0;0
444555999;220-02-04041-86_2;;;;;;90122499961;;90122499961;FR;;;;;;;NLE;N;;LOWDT;Cnnrvllm;;1990-12-24;Rec Ylédrlv Ctceidin;10;Malmedy;;4960;;BE;;;;;;;;;;;;;;;;;0;0
444555999;220-02-04044-89_1;;;;;;81071199933;;81071199933;FR;;;;;;;NLE;N;;JXDGW;Euhcvjgc;;1981-07-11;Rbp Oc Fbv;2;Sougné-Remouchamps;;4920;;BE;;;;;;;;;;;;;;;;;0;0
444555999;220-02-04044-89_2;;;;;;76020699943;;76020699943;FR;;;;;;;NLE;N;;CORIGEDDYON;Npppfyno;;1976-02-06;Rkh Xv Lvw;2;Sougné-Remouchamps;;4920;;BE;;;;;;;;;;;;;;;;;0;0
444555999;220-02-04045-90_1;;;;;;90040499923;;90040499923;FR;;;;;;;NLE;N;;BDPBU;Jukkfm;;1990-04-04;Raq Mh Wivejc;5446;Alleur;;4432;;BE;;;;;;;;;;;;;;;;;0;0
444555999;220-02-04045-90_2;;;;;;93100499931;;93100499931;FR;;;;;;;NLE;N;;SLQAODME;Acluti;;1993-10-04;Rct Ys Bkcbfu;54;Alleur;;4432;;BE;;;;;;;;;;;;;;;;;0;0
444555999;220-02-04046-91_1;;;;;;83121699957;;83121699957;FR;;;;;;;NLE;N;;CLKTPMT;Dfuope-orayox;;1983-12-16;Rkc Ajbm Br Escgèbr;1;Verlaine;;4537;;BE;;;;;;;;;;;;;;;;;0;0
444555999;220-02-04046-91_2;;;;;;88091499907;;88091499907;FR;;;;;;;NLE;N;;COGLXSD;Aigtfqbrm-gouhv;;1988-09-14;Rpd Oipw Xw Oxgcèpl;1;Verlaine;;4537;;BE;;;;;;;;;;;;;;;;;0;0
444555999;220-02-04047-92_1;;;;;;94032999929;;94032999929;FR;;;;;;;NLE;N;;VNH BIU;Curashso;;1994-03-29;Rtx Nlürd;66;Limbourg;;4830;;BE;;;;;;;;;;;;;;;;;0;0
444555999;220-02-04047-92_2;;;;;;91041899912;;91041899912;FR;;;;;;;NLE;N;;PRYAB BMUT;Jhkxmxg;;1991-04-18;Rrp Oyüec;66;Limbourg;;4830;;BE;;;;;;;;;;;;;;;;;0;0
444555999;220-02-04048-93_1;;;;;;91072899924;;91072899924;FR;;;;;;;NLE;N;;LAFGWG;Oxxgfrc;;1991-07-28;Pfmkl W'okelx;1;Verviers;;4800;;BE;;;;;;;;;;;;;;;;;0;0
444555999;220-02-04050-95_1;;;;;;98070399948;;98070399948;FR;;;;;;;NLE;N;;GJJVY;Almoovt;;1998-07-03;Rle Cxmwcfkf;9;Wegnez;;4860;;BE;;;;;;;;;;;;;;;;;0;0
444555999;220-02-04050-95_2;;;;;;97080999948;;97080999948;FR;;;;;;;NLE;N;;DGCVKC;Momycwkh;;1997-08-09;Ryp Fpntdvgr;9;Wegnez;;4860;;BE;;;;;;;;;;;;;;;;;0;0
444555999;220-02-04051-96_1;;;;;;87121799914;;87121799914;FR;;;;;;;NLE;N;;ERMDEEOM;Axiucrns;;1987-12-17;Rjb Vx 0° Igywsgol;32;Malmedy;;4960;;BE;;;;;;;;;;;;;;;;;0;0
444555999;220-02-04051-96_2;;;;;;91071899933;;91071899933;FR;;;;;;;NLE;N;;SGSMADUN;Cwipk;;1991-07-18;Rrk El 1° Wexqywbx;32;Malmedy;;4960;;BE;;;;;;;;;;;;;;;;;0;0
444555999;220-03-03249-63_1;;;;;;64011999973;;64011999973;FR;;;;;;;NLE;N;;MLWRYWD;Mgfsvb;;1964-01-19;Chxeat Rx Lrvqtdvv;69;MALMEDY;;4960;;BE;;;;;;;;;;;;;;;;;0;0
444555999;220-03-03249-63_2;;;;;;62102099964;;62102099964;FR;;;;;;;NLE;N;;JUXLFX;Ceavpql;;1962-10-20;Cgggdp As Fkyaemog;69;MALMEDY;;4960;;BE;;;;;;;;;;;;;;;;;0;0
